RECORDS,RECORD,id,produto_id,file
,,"1","49","bbced21a8d920a4cf638c5c1ead28526.jpg"
,,"2","534","0a325860480b28cbbfb0bcffc19e7436.jpg"
,,"899","328","b8be7dbbeafac1163023f75e1fe9a31e.jpg"
,,"1458","348","81482faced5a4c04e1c31323fb18f6a2.jpg"
,,"5","330","05294b12979c53877744979bbd82dc2c.jpg"
,,"6","410","c220f49a187a861a578bbef3d264df59.jpg"
,,"7","412","4562b11df63c6b832b0ae396bd48bc43.jpg"
,,"8","19","4262d492fa44cd32e5b5dcb26014e386.jpg"
,,"9","30","1617d51427469b111d2c93e695de5c8c.jpg"
,,"10","29","1617d51427469b111d2c93e695de5c8c.jpg"
,,"11","27","6f8ea736a7c025e5c84322c61351a5c5.jpg"
,,"12","24","25596ee687fc5b3058ca442a91343350.jpg"
,,"13","50","25596ee687fc5b3058ca442a91343350.jpg"
,,"14","48","72b35ab5bd3246a914e22e48fa0f7bb3.jpg"
,,"15","48","f8b659c4d37221cf9098c68a10d7f0c7.jpg"
,,"16","67","a72953f0fdb4e51d092b73825a4204ba.jpg"
,,"17","64","a72953f0fdb4e51d092b73825a4204ba.jpg"
,,"18","58","d5efc7616e38311b34cc18ca1182165e.jpg"
,,"19","58","5fc69da5e5dfe6f544759868a546f997.jpg"
,,"20","16","d5efc7616e38311b34cc18ca1182165e.jpg"
,,"21","16","5fc69da5e5dfe6f544759868a546f997.jpg"
,,"22","59","5c998aca4b2f9c1da39612b20508023e.jpg"
,,"23","59","6e7f73352fe9fa45111d7608fb4e6ad6.jpg"
,,"24","62","5c998aca4b2f9c1da39612b20508023e.jpg"
,,"25","62","6e7f73352fe9fa45111d7608fb4e6ad6.jpg"
,,"26","299","9fe432003913150fa67233495697dc7c.jpg"
,,"27","300","1566abe2763b8cebf4e541e43fe28cea.jpg"
,,"1259","159","d36038e775793c0cd0d0ccf29d45712f.jpg"
,,"1257","157","4dccb3f343d28d79fe593f18032f956b.jpg"
,,"1261","161","26664ded096888e2b26808f5fb892176.jpg"
,,"1262","162","f6411779308aaa107da5a946e1748780.jpg"
,,"1260","160","89f3745e609e5e30445dfc0e33a52872.jpg"
,,"1352","165","88324d3d6ba37d8183441e8a3ead3f92.jpg"
,,"1351","166","665d9c41ac768cc67a8910b6e252b678.jpg"
,,"35","167","29981bd91d7d88563cb4b97085afb045.jpg"
,,"36","172","28b7efc23b8fb420cc64ce54e5af455d.jpg"
,,"37","169","2d6560ea129e659f159406465270b58c.jpg"
,,"38","170","2d6560ea129e659f159406465270b58c.jpg"
,,"39","168","2d6560ea129e659f159406465270b58c.jpg"
,,"40","173","ab13d2c5a21242153dffcaa240b693d7.jpg"
,,"41","163","c2a86ef5294cf16769abcdbcce30f095.jpg"
,,"42","524","6400697847ecbfb040d650499f12511d.jpg"
,,"43","524","ab39d4804ec076c574dd959a76b6d76c.jpg"
,,"44","528","c01da59c139ec552cc7497d811ce842c.jpg"
,,"45","164","7ccce8ee060bb96c6b63f38a460b49a9.jpg"
,,"46","171","3c7b66b2adfe61537b33d72cf74bd05a.jpg"
,,"47","45","3fcea6b758e95c051cbae2e17d1c5e52.jpg"
,,"48","54","3997c5007c941293f2274fedfa439149.jpg"
,,"49","54","053ff524f2639b62c12b9089a76119ab.jpg"
,,"50","46","3e588ac64ef220a5fd479a5032b4d179.jpg"
,,"1316","111","429989f5c5929619a34179de5a02cee7.jpg"
,,"52","53","3e588ac64ef220a5fd479a5032b4d179.jpg"
,,"53","120","a92dd204869cfd118018ddd1ad2a7ff1.jpg"
,,"54","12","a92dd204869cfd118018ddd1ad2a7ff1.jpg"
,,"55","119","90d5bbd83553be9479f092755b6efdf1.jpg"
,,"56","114","4e7de3807b5f0db518bafe882b038ba1.jpg"
,,"1419","35","8306ee5be2f2a3e4ecbeab48cd266dec.jpg"
,,"1420","112","a005770f17ee48cc81de8ed15e59e27f.jpg"
,,"59","293","26a13ce10313e431be10cd18d98bc741.jpg"
,,"60","9","4e7de3807b5f0db518bafe882b038ba1.jpg"
,,"1421","117","dfa2efb5b3ae7d9202b7f5e05f91d80f.jpg"
,,"1422","116","784b78f1869893a0f97304425a3f10f4.jpg"
,,"63","115","4e7de3807b5f0db518bafe882b038ba1.jpg"
,,"1424","63","dd481614cdcbcbe30ccccb5db4f7a33a.jpg"
,,"65","57","2db99d9070783527e3b0edc8c1e98b75.jpg"
,,"66","56","058b036ba0665c7714cfbbfeace093d2.jpg"
,,"67","44","3e5f569a1b9a1b6d9eb2db27374e1242.jpg"
,,"68","118","73b6cce2e1c8c0fba0dda7c48fce0f5d.jpg"
,,"69","41","bbced21a8d920a4cf638c5c1ead28526.jpg"
,,"70","33","7f52a6a89703dcf292b12d12267c5564.jpg"
,,"71","33","992d0761116cd90d60c20d78b6235c41.jpg"
,,"72","393","920550aedaf71f2d0e723784bc233e05.jpg"
,,"73","394","6400697847ecbfb040d650499f12511d.jpg"
,,"74","394","ab39d4804ec076c574dd959a76b6d76c.jpg"
,,"75","395","7ac7cca41d20ceeb62d13314b565b0ca.jpg"
,,"76","396","b8ecf3545817be70e1ebc62ed0f63e32.jpg"
,,"77","398","c01da59c139ec552cc7497d811ce842c.jpg"
,,"78","399","0f203a1d65a048b9762681105e8adc79.jpg"
,,"79","399","c420e30773beaacb3ce8a93aa217b5e3.jpg"
,,"80","399","140350b49620183c6ae67a7980b2f2d1.jpg"
,,"81","400","e32f8ce5ff383c980fb69d5e594a69da.jpg"
,,"82","403","9bf717b97c231b0ec3045e112973f70f.jpg"
,,"83","404","1e30a1752545d36d53f5e7a10c59589d.jpg"
,,"84","404","bdc659df872d4f4cf31462f5f73f7204.jpg"
,,"85","405","0a325860480b28cbbfb0bcffc19e7436.jpg"
,,"86","126","c2fab56a0fe113d3cb42941c5298b033.jpg"
,,"1326","128","4907e3a914ebdbe97d32a191bcc4eaf4.jpg"
,,"88","416","b15552b41e236da0a5339ba69f35d3fd.jpg"
,,"89","417","949860f6f0c3ecd906480ee089d63164.jpg"
,,"90","420","ad68b5bc6da86011eb35224e03e97a70.jpg"
,,"91","422","f7d7b1e0344505634bb77dce2916204c.jpg"
,,"92","419","1cf89c606c622ba121bd70a196f93482.jpg"
,,"93","425","b1161672b96729eede64c47d1630f51c.jpg"
,,"1624","1128","ff31eceebf1dc2331be6b805732f9e3f.jpg"
,,"95","530","e77345473fca48c2c4b7584a4d22b37d.jpg"
,,"96","535","e32f8ce5ff383c980fb69d5e594a69da.jpg"
,,"97","525","920550aedaf71f2d0e723784bc233e05.jpg"
,,"98","516","a9411fab54e7885a79ceb69b6c831757.jpg"
,,"1362","184","a6312bd8b09b86c62f5963fd8ab54b32.jpg"
,,"100","179","81b4058cc043a1e27d56be16ccdb0b29.jpg"
,,"101","301","ad97282b459fe1fffb0837dae53cc6b2.jpg"
,,"102","302","ad97282b459fe1fffb0837dae53cc6b2.jpg"
,,"103","521","44511693018fd327e3f0da6e94a52442.jpg"
,,"104","519","8f560a24c488111aab717bc9c3991dce.jpg"
,,"1450","520","1cb95ff100b9c7b5ef3c68d64db0adff.jpg"
,,"106","522","5bd40297f1f5783109df143148fa2cbb.jpg"
,,"107","188","5a904b5497abd5e89013ef11ecdc3b7f.jpg"
,,"108","186","4e7de3807b5f0db518bafe882b038ba1.jpg"
,,"109","151","ed8da169262e41a65c4cc42db6d1f937.jpg"
,,"110","342","9db3a464bac6ed933f9498ff048fa295.jpg"
,,"111","79","d1c50de129d38efb0b1cd026b11f731a.jpg"
,,"112","332","47694b12bab24d39783b45dc7f6a7625.jpg"
,,"113","407","e46b5f7eb3a03057fc37ece1b4136b38.jpg"
,,"1502","354","4cf31eebc781bcf88309b515d5937468.jpg"
,,"115","78","d1c50de129d38efb0b1cd026b11f731a.jpg"
,,"116","72","d1c50de129d38efb0b1cd026b11f731a.jpg"
,,"117","81","7ea76cf065ab06a5b738cbd921394934.jpg"
,,"118","80","7ea76cf065ab06a5b738cbd921394934.jpg"
,,"119","82","30f54c90fa259b260775ae4a781b52b7.jpg"
,,"120","284","f3b8f40b9067289671542203383431b0.jpg"
,,"1417","283","0e742f3ffc64735f4eac6c9e7db5664b.jpg"
,,"1485","339","174cac2eabd9771cb010c167303ac2b6.jpg"
,,"123","353","21f08187960d7f3e527e01de57ef964b.jpg"
,,"124","353","c20601e9298d66b6b73c3a90287806fa.jpg"
,,"125","176","2938ee2d8c4344da2905f019a7d03c9e.jpg"
,,"1365","177","3ac9de64baed9036a904faea920e35eb.jpg"
,,"1361","182","faa730e067fd01bec07c523d7f2e31df.jpg"
,,"1360","183","fd106fa7f7f8d39387272c4398bbb1e5.jpg"
,,"1347","155","40b1d0983dd2f51e8e0436040889a94f.jpg"
,,"1353","1324","da6ae2413f84457890f46313a64de6f1jpeg"
,,"1656","270","6d4c6d4183eea634097ae24e48fa4afb.jpg"
,,"1494","343","974c0f46ed9d1761d9f38e263f3ab920.jpg"
,,"1497","344","cb483c4ab879ee5d882186518f12a0ec.jpg"
,,"134","336","0a75de3a10958c5050fbe5b48a241f57.jpg"
,,"135","336","2c32351e414d5c64721c33af1af0f8d4.jpg"
,,"136","364","cdc679bebbe282e170ab6fe0dca8445e.jpg"
,,"1510","364","0cedfbf64bd18417979a947e0ed45377.jpg"
,,"1415","280","565292b49fbe835269a34700a7f8b4aa.jpg"
,,"1071","281","1d81fba88f8794f8789fa8a22d0cef8e.jpg"
,,"140","282","a9411fab54e7885a79ceb69b6c831757.jpg"
,,"1159","279","f4f7f6e7baebd717dced52a0015d0d6c.jpg"
,,"142","285","1aad9a9097a8450c72ae11661649d7b1.jpg"
,,"143","324","102f0aff80be4b1f373ee5722cbfa341.jpg"
,,"145","83","9c072e888df20b9c6ba0019346065970.jpg"
,,"146","408","abc17ebcee3f1e4152e1f37228ff1bad.jpg"
,,"147","408","230a6ab697019a8dc0731da628870555.jpg"
,,"1449","325","179e845ae2f10e5eb3c5e91c7fe5f560.jpg"
,,"1454","323","ea1c0e80e119799cdf4db6bd18c6c668.jpg"
,,"150","518","ad97282b459fe1fffb0837dae53cc6b2.jpg"
,,"1452","322","c7c3d78188220905100c02daa9a2a922.jpg"
,,"1453","320","9ecaf9d9fed001314b14af3fb7ae0d26jpeg"
,,"153","327","331c0b0f6a4bd4516a08b54e0bb984a0.jpg"
,,"154","174","4e7de3807b5f0db518bafe882b038ba1.jpg"
,,"155","175","2938ee2d8c4344da2905f019a7d03c9e.jpg"
,,"156","180","61a381497de0f2cf2fc4294896d3dec4.jpg"
,,"1355","181","cc0124c6417c69b119ef041f99596a4e.jpg"
,,"1367","178","6c838bc34daf4c7d46abf6cdc91d9fb2.jpg"
,,"159","121","4d458fb5e45d746ea9825362e87c2951.jpg"
,,"197","321","86ecbd37abee2751aebbd6f99c3e7f7f.png"
,,"1755","108","5c6b72cdc07024797b4757b9a4feab33.jpg"
,,"1423","65","5e422e75eb673d2b532887f659a99107.jpg"
,,"163","385","d123e589ea04862decc40e671582b000.jpg"
,,"164","384","d123e589ea04862decc40e671582b000.jpg"
,,"1520","382","216b357e9cf3b0a87220ca7ae95b9e3e.jpg"
,,"1518","388","7f556ecd013e0ec8753754caca333897.jpg"
,,"167","122","0851e5a6033dfae23d5bf96d6119ebe5.jpg"
,,"168","98","24684e42a69f9c55d9e3d85f5cf3732c.jpg"
,,"169","97","2bd712bd6adf83588c0fcc70eb289495.jpg"
,,"170","97","c405a42082722cb0be94e07a5dba3f7a.jpg"
,,"171","113","3cdfa1303e28eec99041cfdf71e459b5.jpg"
,,"172","96","aceba84bfccd5e305240540583bcf51d.jpg"
,,"173","100","972091ba09f86b5c2a080be7250a88a2.jpg"
,,"174","99","6d6e9c42437503578ad99b6a1b8ee5d3.jpg"
,,"175","269","66ded5506d9f0667f4f9cdb400a28a00.jpg"
,,"1529","402","788d94a6988a509cc8cae6905ca84f83.png"
,,"177","381","9408597a26d1fa53320b1b1945a154d1.jpg"
,,"1258","158","e7759226b9f7854ff5b92c1a03cb1c99.jpg"
,,"179","401","4d18931764b276ef65e05cb08ccde694.jpg"
,,"180","531","4d18931764b276ef65e05cb08ccde694.jpg"
,,"181","529","c01da59c139ec552cc7497d811ce842c.jpg"
,,"182","533","1e30a1752545d36d53f5e7a10c59589d.jpg"
,,"183","533","bdc659df872d4f4cf31462f5f73f7204.jpg"
,,"184","532","9bf717b97c231b0ec3045e112973f70f.jpg"
,,"185","527","7ac7cca41d20ceeb62d13314b565b0ca.jpg"
,,"1530","526","5a52c62fb6493691c64abcf3ccf2bb50.jpg"
,,"187","274","6b48b3de9b82451bbef4e12f0f3a4140.jpg"
,,"188","274","3cf1e1f256f909a971a738998600488d.jpg"
,,"189","275","4e7de3807b5f0db518bafe882b038ba1.jpg"
,,"190","153","badff3699e37bfc428c372ff05fe7e7c.jpg"
,,"1350","156","f287f92786f7e20e23445eacca3deb9d.jpg"
,,"192","77","854d07e1d4240022f0f1d8e47067f54d.jpg"
,,"1461","333","3032adad04a3a34be9e49e4be82a652e.png"
,,"1507","357","8f8d9aecbe745203cd49e6b0a1897596.jpg"
,,"195","357","0b45d899e7f81948d3fe5ddce4932ea3.jpg"
,,"1501","355","cddd74b42d1a24b5feacd9c335ce0fcc.jpg"
,,"1608","492","c3d6bb9fee6a0c5099e3fdef64ff0c1b.jpg"
,,"199","386","4e7de3807b5f0db518bafe882b038ba1.jpg"
,,"1522","387","7bae669f8c26a6651022cbbef4aed67e.jpg"
,,"802","380","9cf123551dbaec352a5dc1a596cc56ad.JPG"
,,"1521","383","6f7c75e99fbe74050f5c678d3b01bd14.jpg"
,,"203","504","ed36439f9432f173927d91377a24b120.jpg"
,,"204","505","35f8a3fb9f50cc28b00334f58aa7c473.jpg"
,,"205","435","9d836dccd46aad3e85ba534552f213b0.jpg"
,,"206","436","888ba50af543976df4fdcf60c4fa27b4.jpg"
,,"207","437","d267462bf868a3ed89ed5153e6023de4.jpg"
,,"208","434","31cd942a020cfba2b48036c5fc75e3f5.jpg"
,,"209","430","5d531506a911d637831c8bf14ea0bd36.jpg"
,,"210","429","7df8b2af5b34366ab6b150076c16890d.jpg"
,,"211","482","aa980b0787a110e585b09e98171b34a1.jpg"
,,"212","552","a41a7bca3d1921e3da25120003aa7929.jpg"
,,"213","483","9d43268913eaa18a933f84602e5e5ca0.jpg"
,,"214","129","2c922620a494f1e21918f85cf6d04d65.jpg"
,,"1572","26","7b36941c096603c21ee417b0b0b82c4b.jpg"
,,"1570","472","bb9650bab104cccdf4df1b1d5103e552.jpg"
,,"1585","1108","e995b20850ea0a3cd1b6069bda0b41c4.jpg"
,,"1573","471","f026dee1023eb6b56cf5833726c02175.jpg"
,,"1575","475","fdd1ba01810c0daffb9119a614f6d133.jpg"
,,"1576","476","f1c275bb7ae784b28c9ab581b36cde48.jpg"
,,"1577","1054","faaa623d92500c94cda4aca88fb83f29.jpg"
,,"1574","474","e1576dc0130192939ee4bbd99811f557.jpg"
,,"1578","1008","a9e6c41893852a7a3c35ae7e5fd9a57bjpeg"
,,"227","415","16425cb02201d49b150d750c9e36ec4c.jpg"
,,"228","427","9609ceb26c1f653765a0e289f67e741a.jpg"
,,"229","428","5e1df2bc7968daf821a700d7f98e2bdf.jpg"
,,"230","431","68b4d587ffa6161acc24a1b52f0f1313.jpg"
,,"231","432","98813492aace76e682a8f35ef53d6704.jpg"
,,"232","433","92f7e0811f62c846aea717fa49f86cf9.jpg"
,,"233","439","15ea4c33a9584eb034ce10e074bbd76f.jpg"
,,"234","220","b6414c0b9641d3840a6aad40af82add4.jpg"
,,"235","442","ab94991748ef452ad53fca0116f58288.jpg"
,,"236","441","3e824e8967531bacac1aea348be127ab.jpg"
,,"237","443","1eb15eaacd1d63c835672f43a009cd26.jpg"
,,"238","538","59040ed799d193161311022ecca196bf.jpg"
,,"239","536","3817b4a945ad41dc27f2c18d73a36714.jpg"
,,"240","537","a2f3c24fe152684c54d76fcb08c93411.jpg"
,,"241","489","86def8f67b7d5636c7411a18c18c448a.jpg"
,,"242","545","1923629a333833057335361afdd934d3.jpg"
,,"243","546","f83c8ef93889a3bf8df0f89fb8560e09.jpg"
,,"244","546","b6d7b8a54e8a360a199db00f5ba49813.jpg"
,,"1626","550","ec5048e21c1435e28438740b50c36e25.jpg"
,,"1625","551","723419c9de07a70da1c9b36120eb01a6.jpg"
,,"247","547","74497e5a28287c9a6525506a5fbaadc2.jpg"
,,"248","544","648dfdf73985cb571d2752a960d6b4e8.jpg"
,,"249","540","cc448e752120769a857508e32e30c6a3.jpg"
,,"250","539","c89829414f934a09a2bc8f67f24b9462.jpg"
,,"251","406","ab13846d4610a97c0030fc103b9fadd1.jpg"
,,"1579","486","8c02066cbaef55adc591e221ada30d8f.jpg"
,,"253","549","d6110d5bb0cf67a9d8a31d14b8ce40c4.jpg"
,,"254","548","d143c72c638710289657833d10920594.jpg"
,,"255","362","5a52900bb43624f26d0d12e41cfb1814.jpg"
,,"1504","361","a68843570b298c9d3d7a7e108cf70a79.jpg"
,,"1503","356","6f14e33b92205fd53228c88a1f4b4af3.jpg"
,,"258","359","7c3bf8d9fd5a400d9e407a2658bac049.jpg"
,,"259","493","c89829414f934a09a2bc8f67f24b9462.jpg"
,,"260","485","794deb31a094d6ec3fedf168c909e585.jpg"
,,"261","488","a2f3c24fe152684c54d76fcb08c93411.jpg"
,,"262","490","41ba681a5eb89d350f3423437988c98c.jpg"
,,"1508","360","114da40db9f0a6f4780579d2b0aaa614.png"
,,"1282","223","fb4f8d10f53486d7615c4d1b059a5b76.jpg"
,,"1377","197","5796f01fc2e7f8ceea195e75f348fa3a.jpg"
,,"266","198","8f78a21ca3019a0ee232611dece87898.jpg"
,,"267","7","f725cf167a29d797140a33bf4231e343.jpg"
,,"268","4","f725cf167a29d797140a33bf4231e343.jpg"
,,"1391","199","a29da1a2976a3145644922a91260b28b.png"
,,"270","47","63ab00941316787ee288fc3384a7942b.jpg"
,,"271","31","63ab00941316787ee288fc3384a7942b.jpg"
,,"272","32","568df8f7b649408bd61f7c1f89877ae9.jpg"
,,"273","10","41ac660b29e5845deaf7c338df53ee02.jpg"
,,"274","10","3608c4cbdaa089b2e46a055f8c9dddd0.jpg"
,,"275","36","41ac660b29e5845deaf7c338df53ee02.jpg"
,,"276","36","3608c4cbdaa089b2e46a055f8c9dddd0.jpg"
,,"277","42","41ac660b29e5845deaf7c338df53ee02.jpg"
,,"278","42","3608c4cbdaa089b2e46a055f8c9dddd0.jpg"
,,"1294","37","a835bc9b96fd5c586ae65ed48f5f12e9.jpg"
,,"1292","15","086b2fcaa2cef2211fec4c96e23440eb.jpg"
,,"1512","93","7e26748f890746cdf9bfc049a598d461.jpg"
,,"282","11","a10e7f9d4a3570033c4fc1ead395e989.jpg"
,,"1293","14","2d3760beafca6e5537fbd62db9fcabad.jpg"
,,"284","22","4262d492fa44cd32e5b5dcb26014e386.jpg"
,,"285","23","4262d492fa44cd32e5b5dcb26014e386.jpg"
,,"1290","17","3f7b3cfa6a8c0a772aec16bbe0794179.jpg"
,,"287","221","f240eef9c14e9104bb98c968de5139e6.jpg"
,,"1513","234","84fce525a6f2411e9cd9a604b933aa87.jpg"
,,"1514","8","4b4a7d1ef14ea6a178387c108df39ce5.jpg"
,,"290","368","1fc412e3ec6e45f9a3abacac0a470eb9.jpg"
,,"291","369","1fc412e3ec6e45f9a3abacac0a470eb9.jpg"
,,"292","350","2c939c6202823813a25d13d610c9d97c.jpg"
,,"293","351","4e7de3807b5f0db518bafe882b038ba1.jpg"
,,"1281","222","e6ba36955a9464175dc2c5fe16091e65.jpg"
,,"295","389","d63f9da2737a59f37ef3d9aef73dcbdd.jpg"
,,"296","286","cd2ed0613afc304c981cc1499e99c21c.jpg"
,,"297","287","ad0ed7af4fe38e1bbe143c3cb2fc553c.jpg"
,,"298","28","b4edc02aa45e5ffe443079294bccddc0.jpg"
,,"299","85","ec80c6ce7ce12675763cdad50e450d69.jpg"
,,"300","85","c08209ab63e974e8dbdc0888e1dc08ea.jpg"
,,"301","89","d40e51561f9795d69b623a70d90975ee.jpg"
,,"302","86","1da9e1b24b751661d8869a72e0188159.jpg"
,,"303","88","d0ed3732e3e672c631e3769ff4662b44.jpg"
,,"304","87","81e81a7d8bc349e170953b91f78acb30.jpg"
,,"305","91","292dc334f5d623fab490ce8202f19c4f.jpg"
,,"306","91","89413f513ea94772e1932417fbb2b09e.jpg"
,,"307","92","7b54b11ae13fd6a93d09a3cf6af33492.jpg"
,,"308","90","5e2f7a5752045a3d55c790cf53965e01.jpg"
,,"309","135","1de53b966eddfbdc6f8ebfa6e3f11e91.jpg"
,,"1472","337","a8c6d1c2f4646d61717eb0f63d422167.jpg"
,,"897","295","ffc52633866ef29de9c2f71c3d0325fe.jpg"
,,"312","137","4e7de3807b5f0db518bafe882b038ba1.jpg"
,,"313","134","1de53b966eddfbdc6f8ebfa6e3f11e91.jpg"
,,"314","491","3246dfed754c8ae53058683651369c69.jpg"
,,"807","484","1535ce71465bb4acf4859b55c0b83699.jpg"
,,"316","303","bebc56da5bdc3b7ee2ae3648d680e1cb.jpg"
,,"317","134","4e7de3807b5f0db518bafe882b038ba1.jpg"
,,"318","124","470fb864b15571bb5257e2672cf09fca.jpg"
,,"319","109","da14e63d8e1f4ba0a216f138f1fe8a6f.jpg"
,,"320","392","67ea518bd28cf28009361ba11cf91922.jpg"
,,"321","543","a8d3279b743330b0a81c80e5e55a1818.jpg"
,,"322","137","1de53b966eddfbdc6f8ebfa6e3f11e91.jpg"
,,"323","491","cec297bac331f43bdecee55fce57e2de.jpg"
,,"324","465","b00d490ba5f8f69192432dd6d79fba86.jpg"
,,"325","289","7bf9a92dae8453b30020283aa0821ff7.jpg"
,,"1473","338","6954aa442483dede1cc51dd04e80bf45.jpg"
,,"327","141","1fba1a0d21d56da5e9e75748aadc7368.jpg"
,,"328","139","d46df3d7ca0b706f4fc09493723358a0.jpg"
,,"1515","365","4127b304df03666e87f00601d65cd4a6.jpg"
,,"330","291","cb5bb7311804c4e6b7e50de9444b1834.jpg"
,,"331","451","584f4b24b1d2278dc5c5183e2eb1a221.jpg"
,,"332","304","fade99282e961b9f16a84a5afcf9604f.jpg"
,,"333","464","f842dc622ae5aa0d632e70d77c0ddbe1.jpg"
,,"334","391","3340aeba1dbb1263f1a94652e2c073d0.jpg"
,,"335","292","cb5bb7311804c4e6b7e50de9444b1834.jpg"
,,"336","127","a5b85017b260d57d88149e18da65fa2b.jpg"
,,"337","449","e91d868e1fc6b745f3d5e38c5a585754.jpg"
,,"338","125","e9505ced96543a0dae111cb6252a31ec.jpg"
,,"339","372","968cce19f9eaeb1693e7d9ffc605aff5.jpg"
,,"1327","140","704bb9e0dbee42633439f88e0274e80f.jpg"
,,"341","273","328e3de5ba7a991d736d4f7982451ea7.jpg"
,,"1325","110","019d8f3350151cc6012bc52206478a9c.jpg"
,,"343","541","461be9ec02cf9c440a6a76e34c13cfce.jpg"
,,"344","135","4e7de3807b5f0db518bafe882b038ba1.jpg"
,,"876","272","7d5bf6072341f40add466567359b4eb9.jpg"
,,"346","288","a1112d25c80add8b53054a2335bbbaae.jpg"
,,"347","138","d46df3d7ca0b706f4fc09493723358a0.jpg"
,,"348","448","012c1641eb9a6ff36b0f1e163ef3497b.jpg"
,,"349","371","968cce19f9eaeb1693e7d9ffc605aff5.jpg"
,,"350","109","9a7098acd3ce8ba7fa2fd5ecfe78abec.jpg"
,,"351","390","58acec15bd98842690652e4080926c17.jpg"
,,"352","466","d15c5747ffac66255709f48dcf625752.jpg"
,,"353","233","3b9da4d4c039842e33528b1abfe11672.jpg"
,,"354","232","870bb7e148932bc10a081b61e6a00e73.jpg"
,,"1380","191","cda09c1e4b3b2537759d40ba13547b9d.jpg"
,,"911","1240","394349d16370b58305e4f2beb433b979.jpg"
,,"357","192","973bfcadc6f8aa5402466c144de8db09.jpg"
,,"358","193","ec4c3c470f0f1dc2ff2b5a0256edffa2.jpg"
,,"841","195","f9b668ff7c124d4d0be896da25b4a154.jpg"
,,"1386","194","fb0da6c516e863677225ebb6eef783a8.jpg"
,,"361","196","fea073e12f205ec2b689876d74b6fb6a.jpg"
,,"1392","204","269fa05bff0a4d667701cd72cf879863.jpg"
,,"363","201","16f74a14523487947e9feefc23448c7b.jpg"
,,"364","202","0c01801a9a2993bde2c9b1f22106e291.jpg"
,,"1373","618","ea7ed199e372f5dd56eb6df5da6dd2c5.jpg"
,,"1168","203","4942a452fe48d431f92063cc425bd900.PNG"
,,"367","205","4117d77a292d80eda8c1a717191c9474.jpg"
,,"368","207","6e6764e9420860f2e8177b0719b19162.jpg"
,,"1387","208","9963139042b9b061fe2c0787e7ae0a98.jpg"
,,"1370","211","0775bc38370b8396b55a19f1de8a90b2.jpg"
,,"371","210","c8947b4a279f5a96056dc9356aed3228.jpg"
,,"1388","209","99bd754ddbbc06b7fbf7c0d9125e24cd.jpg"
,,"373","212","9f0cf802c6e0c9d607b30340f2d8a319.jpg"
,,"374","40","973bfcadc6f8aa5402466c144de8db09.jpg"
,,"375","142","5611745b86e0cac6f3f7aa01e2a91758.jpg"
,,"376","143","517a401f03561cd1ea9cbd11f6250c79.jpg"
,,"377","145","798b41be9db349652217091bdd5d76cf.jpg"
,,"378","144","2e64bfdba3a7ad5f33456e593c935e8c.jpg"
,,"379","146","09cda24dc53c4b2a059f9a7ccb7c8b1c.jpg"
,,"1323","147","85a58a9a80c7f0b07cdbbd238be5eb85.jpg"
,,"1322","148","ab94156c06a10b1658c2b06979ce780f.jpg"
,,"1283","227","44103ecbb92bf8779c3a5994b8bef87b.jpg"
,,"383","224","3324db96c77c789ab4ebc963028a4768.png"
,,"384","642","3324db96c77c789ab4ebc963028a4768.png"
,,"1284","226","15b1baea2f1f1a7390f49d71e58e5bfd.jpg"
,,"386","225","9e6973e594a8edc9d73868442a383597.jpg"
,,"387","228","86e6762b1293045b30423e56e35a8352.jpg"
,,"388","102","3b80cd03a0fccbd07aad7bae4cda4f3d.jpg"
,,"389","71","c6f764b5b272446b5650b6f5409ee0f4.jpg"
,,"1302","74","02eebb82706bf774abf8bea92eafeffb.jpg"
,,"391","39","3f7b7665df062d29bc0bd9d4e86359af.jpg"
,,"392","68","0cb05b0ea60ff66b9c3d2cb34a12f5ec.jpg"
,,"393","103","0cb05b0ea60ff66b9c3d2cb34a12f5ec.jpg"
,,"394","149","222c25593365d9ee8816520d6f7b99a6.jpg"
,,"1328","150","4aa4e4d1772e71c9335244d9f11070e0.jpg"
,,"396","315","860f59c69d4ed9a46f40d3cdaa1f860e.jpg"
,,"1462","316","4af37492ecf78817bd974eb0961604e7.jpg"
,,"1654","345","1feb0592e81af4b63a43ccefd5ef2980.jpg"
,,"399","346","a3d46a189b67faed6bfd1a1bd4dd78fe.jpg"
,,"400","346","cc8f7b87c81269672b9a88a1b399553d.jpg"
,,"401","38","61a381497de0f2cf2fc4294896d3dec4.jpg"
,,"402","43","4e7de3807b5f0db518bafe882b038ba1.jpg"
,,"403","352","4e7de3807b5f0db518bafe882b038ba1.jpg"
,,"404","349","41ab216280f771ad02313dc90eb989b7.jpg"
,,"803","397","d647309c7afab4f570e273033231ec85.jpg"
,,"1396","276","f01a15b58b815e54b9f8b86245e13056.jpg"
,,"407","277","e21ac9b9961a2a88e0b57889a4e36245.jpg"
,,"408","21","684b75c797808a7421eb12e260b78a7f.jpg"
,,"409","296","fa181493c88ee3995943ffb1147b4a6d.jpg"
,,"410","297","fa181493c88ee3995943ffb1147b4a6d.jpg"
,,"1397","1339","44c36044556fb0e61616b0b49ff7d364.jpg"
,,"412","229","cafc9f94651f847d0488bcdc6f711ecb.jpg"
,,"413","105","8bb43de9e28f95674571a040bd4caa8b.jpg"
,,"1312","123","d9fec99d48a37aceccdc4edd95ee2c1ejpeg"
,,"1062","104","408a4c1b1caa9f00b3d9f8a7138836b6.jpg"
,,"416","106","ac363171110c6917fcb83cd356ee0719.jpg"
,,"1311","107","a9e9a685027413de6f2e2f1d0a09d574.jpg"
,,"1065","101","68406313f3b954a2ae1851017da09207.jpg"
,,"419","20","535a3bafd8530edffbd366a903c7aff0.jpg"
,,"420","13","489deae522a035bcbc4b12f43d337afa.jpg"
,,"421","13","a9a5fb2060ece798a6f63371bea6e334.jpg"
,,"422","1","6e25ff2411eb23feed6b596eaf5bacf9.jpg"
,,"423","305","34bb864d790d327aeed61ba5bc887099.jpg"
,,"424","306","1b6842f60c9750ca04ef858c193495d1.jpg"
,,"425","306","2c54c88f7939bdf25c7eb606a9004018.jpg"
,,"426","306","aad25a28ee70d57c3ad33f3dff44742c.jpg"
,,"799","307","120a03b9675fae908e273c86eac7c40f.jpg"
,,"1063","308","cd99a9abdd66c35bf765aca405d46533.jpg"
,,"429","310","b61245d7a005ddf7b50bb6fcccb41e7c.jpg"
,,"1442","1326","5d1b883e9cf00d16363e9213564789d1.jpg"
,,"431","312","6479b43c350ad51903c4f1283dce7ff6.jpg"
,,"432","313","946dfc4d6f90417a46c6361d567f46d1.jpg"
,,"433","648","1ba13fed3c904db3fcabe07429565352.jpg"
,,"1499","643","67447df60c231ba7ffb492e85fda1abd.jpg"
,,"1468","335","a2eeb7d3a9b2160983fb3798e96bb770.jpg"
,,"436","578","537a29d530e65137a8356eb33f2a3860.jpg"
,,"437","271","661a558c76717105af6493689ee27259.jpg"
,,"438","298","4e7de3807b5f0db518bafe882b038ba1.jpg"
,,"439","523","81138bf1683508d25e90db361b9bdf13.jpg"
,,"440","318","7f6f3cf6f0b6e99b32a872493bc36f72.jpg"
,,"1456","319","8dfa973e4ada17a7fddd67ed13d7e149.jpg"
,,"1505","358","2cd1d86abd8d79bdf5f8dbfc33717ac2.jpg"
,,"443","358","0b45d899e7f81948d3fe5ddce4932ea3.jpg"
,,"801","599","500526878c9c625ceafc8d03348133a9.jpg"
,,"445","512","0f90c292f32801bb3abfd62916eed46a.jpg"
,,"446","421","772843b2da6d7ed7f4c0801502dc30c3.jpg"
,,"1393","200","9f67e7e005a750b410acc428ceb6c3f6.jpg"
,,"1382","973","03c30ee72767212c00b3fb4179d292e1.png"
,,"1390","189","67fd8e42062e7b0cba065c8d7a569caf.jpg"
,,"1381","1199","acf6018137198e18e68506b52ba128f8.jpg"
,,"451","5","06d0d8e32d54925f50308797933745d0.jpg"
,,"452","506","102f0aff80be4b1f373ee5722cbfa341.jpg"
,,"453","555","4e7de3807b5f0db518bafe882b038ba1.jpg"
,,"454","6","63ab00941316787ee288fc3384a7942b.jpg"
,,"455","278","d998562760e86f85754a5ed97c9deee7.jpg"
,,"1297","1417","0559a59cd9b2c89db64355fed72f931d.jpg"
,,"457","630","7fbd76cd379b89c77dc39a54b2f7c19f.jpg"
,,"458","630","781f0d0b75a61db863c45caa9bea629f.jpg"
,,"1319","1111","bec195225fa7cd891713e3940e7e172c.jpg"
,,"460","613","973bfcadc6f8aa5402466c144de8db09.jpg"
,,"461","608","ec4c3c470f0f1dc2ff2b5a0256edffa2.jpg"
,,"462","606","8f78a21ca3019a0ee232611dece87898.jpg"
,,"463","579","0c01801a9a2993bde2c9b1f22106e291.jpg"
,,"464","610","16f74a14523487947e9feefc23448c7b.jpg"
,,"465","625","4117d77a292d80eda8c1a717191c9474.jpg"
,,"466","612","0cb05b0ea60ff66b9c3d2cb34a12f5ec.jpg"
,,"1273","633","b7de4bc0ff421c8318eebc8a88e60587.jpg"
,,"468","597","ac363171110c6917fcb83cd356ee0719.jpg"
,,"469","637","517a401f03561cd1ea9cbd11f6250c79.jpg"
,,"470","601","09cda24dc53c4b2a059f9a7ccb7c8b1c.jpg"
,,"471","576","798b41be9db349652217091bdd5d76cf.jpg"
,,"472","615","6e6764e9420860f2e8177b0719b19162.jpg"
,,"473","628","9f0cf802c6e0c9d607b30340f2d8a319.jpg"
,,"474","631","537a29d530e65137a8356eb33f2a3860.jpg"
,,"1280","639","294ed10e303c8d18fed281b45dfd5092.jpg"
,,"476","653","6e25ff2411eb23feed6b596eaf5bacf9.jpg"
,,"477","649","b11484e04a9406dcdf2a95973b858084.jpg"
,,"478","652","535a3bafd8530edffbd366a903c7aff0.jpg"
,,"1429","641","1cc8c31f88a3c984b58d2718558f1764.jpg"
,,"1287","654","4da121e71a256d49a0c2e6336d89c513.jpg"
,,"481","469","24af61f794027835b053c6f620ed90a9.jpg"
,,"482","470","3ae600533caccca2281bee83b9e8bbd7.jpg"
,,"483","494","a0c2ebd3e143c8236912bbc9099d405a.jpg"
,,"484","503","944677e25751e984d4c742edc04855e2.jpg"
,,"1359","668","f930d9f91055dfda61f31f680c459331.jpg"
,,"486","482","1a1416db80d30d30bdc35d2bf0586fc7.jpg"
,,"806","473","ad103ecc1f97c424996b6df8cc9087d6.jpg"
,,"488","370","62715cfaad3e9789fb061670ba4b9255.jpg"
,,"489","367","62715cfaad3e9789fb061670ba4b9255.jpg"
,,"490","377","4be5824477bda25a8b244150a511ffca.jpg"
,,"491","377","702016afe1f045abd0b3345cf8a240e5.jpg"
,,"492","375","528fb00376ac260329ed5078f68a61e0.jpg"
,,"493","374","528fb00376ac260329ed5078f68a61e0.jpg"
,,"494","373","528fb00376ac260329ed5078f68a61e0.jpg"
,,"1540","444","ed2755e976e860f14e07d2a17695cf60.jpg"
,,"1539","445","2dd509f35ef3d4ae7a3e16b10eb5613c.jpg"
,,"1541","446","4af4dc28ec7ee213e6c8654adc3e8b99.jpg"
,,"1544","883","2544b1ddfed581edc417a93b49337587.jpg"
,,"1543","447","40afa1ab35ccec3deb11677f748cc0d8.jpg"
,,"503","378","2a4c89cff33c67b42dbd0ee376a89ac1.jpg"
,,"504","378","253651d56a1d6a2ed8dbcec0cfa7457e.jpg"
,,"505","379","2a4c89cff33c67b42dbd0ee376a89ac1.jpg"
,,"506","379","253651d56a1d6a2ed8dbcec0cfa7457e.jpg"
,,"507","76","b693147bee62cd5a7f8f62980e18888d.jpg"
,,"508","75","69faf4fd9846144abc772583a1141499.jpg"
,,"509","468","c564b20f2646a907e8d8cf73724f969b.jpg"
,,"510","467","c564b20f2646a907e8d8cf73724f969b.jpg"
,,"511","502","5fa7485cfa5a4e92a9277c067fe2e56a.jpg"
,,"512","480","2283c8ef17eb6f72aa2353a60de394ed.jpg"
,,"513","480","0d816bf69a548b04299fa21ec1a0e637.jpg"
,,"514","478","b4517efcf17416fc1afa4d83d1c85f85.jpg"
,,"515","478","348a658a7f50a76aeedccae74a848d2e.jpg"
,,"516","479","1a134152c57b34bcd0b9166cd90449e3.jpg"
,,"517","479","6130bb69ecd0ec7a5d0ebe74e8a660ed.jpg"
,,"518","481","25febc30dc8c5c44d5105423647778f5.jpg"
,,"519","477","42283f712b93cfb855faeedaa42295bb.jpg"
,,"520","495","b06d94298d253d94f597fcc6860b9f07.jpg"
,,"1315","60","3c9c05571c37c5ff87ae09155a79cf89.jpg"
,,"522","61","2dfe4befe654f21e8d1f9604aa390ebc.jpg"
,,"523","66","05e32972f728d7045e5a123731e97c4a.jpg"
,,"524","52","9e5d9c5e1473ddf05748c7d6bcec0b61.jpg"
,,"525","55","a96054cdc3c37650d4d1371b2d54dcaf.jpg"
,,"526","580","0112ee05889ec65770bb3cd60d68c021.jpg"
,,"527","542","4c399a140274ed985d855eda958e09af.jpg"
,,"1555","453","ecf778cde128f86c9770a1008e7e26fe.jpg"
,,"529","454","7fdcbe3ce5b11c515ee6a1a5f6f93f1c.jpg"
,,"530","455","93106c78fc24a4cb6387f927e8220450.jpg"
,,"1551","456","d6dae1d079193bf90fed127cbdac9380.jpg"
,,"1552","457","71f08d5418fd7db12467817380c7faa5.jpg"
,,"1561","458","f43743e1967023563f36a50f4cee3d23.jpg"
,,"1562","459","8d6494cb00ee66e66cf9f9ff4893c3ad.jpg"
,,"535","461","13bb575d5dde64af87e8b124d1037fad.jpg"
,,"1646","452","d4b950e12518644af5607940a87e67cb.jpg"
,,"1568","460","b7db1e2e2bf87381bb07254fff7708fd.jpg"
,,"538","462","ac15ab1f41d869eb4b4daa24abdba51c.jpg"
,,"539","463","31b33b90b7b66e0fa233560447840b8a.jpg"
,,"540","230","37569f9a58a7ac03d4d5b89e26e61090.jpg"
,,"541","230","31e223327f7e654c24944f379eec28de.jpg"
,,"1457","309","1d5d311c6759180f8c0fa67a67004871.jpg"
,,"543","18","04e0028570dea3d0692071deac1ee598.jpg"
,,"544","487","26f13da495a5b4810c8ab8c768135422.jpg"
,,"1581","581","04799fe10e492924e3ff9adf48518c85.jpg"
,,"1498","823","2a8586d277a75d416ed96a3f444f122b.jpg"
,,"547","571","6b3c7e6ed031a903e578f6aa36f1d01c.jpg"
,,"548","611","c6d521b5f30046e9766493b75d26b229.jpg"
,,"549","635","d3b6de6242f6405bf94c1d149115cc02.jpg"
,,"1366","185","7bef38f3e2ab88a04a90260d4fc3e5d4.jpg"
,,"551","290","faea4a41e0b57896b85e4d412f20ea5e.jpg"
,,"552","409","d79978b4d7932814ad9f94f86032d74f.jpg"
,,"553","187","302f8724ad146f8bd763cc07d27eac66.jpg"
,,"1484","341","86ee9a0bfd671b94aa8b053ac8ce39ba.jpg"
,,"555","215","720684dbd12ca0f0cbbbac4aeb146db9.jpg"
,,"556","154","5e568a21a545ac59d482fa15088fef9b.jpg"
,,"557","84","85d949f91843eba875fae61dd47bd3f1.jpg"
,,"558","340","feca7f1f41b5843eeca843c9f090deef.jpg"
,,"559","133","11dcbb00873f041cda6a97a2c09c96aa.jpg"
,,"560","133","5d00d43af2493b8f26f22c661aad3237.jpg"
,,"561","130","11dcbb00873f041cda6a97a2c09c96aa.jpg"
,,"562","130","5d00d43af2493b8f26f22c661aad3237.jpg"
,,"563","131","11dcbb00873f041cda6a97a2c09c96aa.jpg"
,,"564","131","5d00d43af2493b8f26f22c661aad3237.jpg"
,,"565","132","03b71c061b2355e2a72fcd74a1fb2de2.jpg"
,,"566","136","3d230c5e06a8ec3c71fa810147da093d.png"
,,"567","245","d2bca60d407da45e65ea4dbdfd60668f.jpg"
,,"568","246","f921c6ab5eb3487e017b826179364c2a.jpg"
,,"569","248","82b2661714c66f980106a1e3f18bc535.jpg"
,,"570","252","a153f2afd2bc15ea48ae0aeb2498b8a9.jpg"
,,"571","254","09c730b44c16735756b16e9df88af7ef.jpg"
,,"572","256","bd9e9bd9538019845b6dbfab300e346f.jpg"
,,"573","513","4daa439214e48a0f760271f4e684ebb9.jpg"
,,"574","242","77c060e5dd0ff819b3a82f91230250ae.jpg"
,,"575","264","719a4bf4787d4cfc06e00be0e1c4757e.jpg"
,,"576","266","005de7a99f871ca69031164d4a030ef8.jpg"
,,"577","510","cae656ec28426a9123f2111435f4d00e.jpg"
,,"578","268","db26ac1d211c8cc099aec59d7b4720a2.jpg"
,,"579","326","3dbc12b1b2036235fe5790f0a31b9a6f.jpg"
,,"580","329","b168b99e481c6cd3a7d2d1206dfafcea.jpg"
,,"581","329","c791c3efa6bb4a5409189b597ebdddd1.jpg"
,,"582","331","ee298d78129b9d18052571a79954583c.jpg"
,,"583","334","24bfd5a5539eeb245a3113a619cf8d40.jpg"
,,"584","334","bf4c02f06055bc0044e09d711759a638.jpg"
,,"585","507","6383d5f2a5800a33496b9e87dd2ef330.jpg"
,,"586","508","5577ed0eb7fcc3f0b9ecdaa0cb7dbe1d.jpg"
,,"587","509","d68edcce904a9253b1ce930a4fbb0e7c.jpg"
,,"588","414","22b64581554db1abefebefdcac873148.jpg"
,,"589","413","d67bb326e10bbd39a3494c4b4bbf8954.jpg"
,,"590","418","6a8ee6e70123485b9d6d737b95890109.jpg"
,,"591","423","12addfe0e2986a5933d797b65d629455.jpg"
,,"592","424","e1723eef7484660eaf5abbf222eab458.jpg"
,,"593","440","7efdaa17397330dc07342ef27371e9de.jpg"
,,"594","438","c29227a67146f871404167aa5e23832b.jpg"
,,"595","438","b9ed191274395b4d5f35a472665eb9a0.jpg"
,,"596","426","0f68f14daf7eda3b9b0de385960f5e42.jpg"
,,"597","421","b2bb5a3e9648b6f5c7a222feaf7a43f2.jpg"
,,"598","235","0bb28cd2bffb8627e8d6cdc624caaa3a.jpg"
,,"599","239","7306bca856cc9c423f97a6d12e93b255.jpg"
,,"600","240","a73cc39d527f72dcceea890c68fbe255.jpg"
,,"601","243","c0ecd9397c561ec7ef6d8541ea845d95.jpg"
,,"602","247","6b10e57c05dd0704718719176b80b036.jpg"
,,"603","253","1f48942a5a3543dd727b93e8eb8d92f8.jpg"
,,"604","263","e3abab6f11b14aa219b4a9cce966bd4e.jpg"
,,"605","265","482463724fa736c83f14a47dafc470b9.jpg"
,,"606","267","01219096b14e653ed2631b11d501740e.jpg"
,,"607","237","ae71331a43c5616107f589be3d83e0ff.jpg"
,,"608","255","dd1cad7f616fcb997e1b020d6af4d1f2.jpg"
,,"609","251","91e4a166108e852979c09c27aea61279.jpg"
,,"610","236","a69b57a8c1a17a0c8801ae94c990e507.jpg"
,,"611","238","720afb5b7f0a8560f15c625c89f1679d.jpg"
,,"612","241","bbb2384f034c575c4226b472ffb99433.jpg"
,,"613","259","e7736311c8f1d0787727bed6346de0a2.jpg"
,,"614","249","96495938f305bf66169dfa349c1d1b31.jpg"
,,"615","261","863409e179dd91ec760ce1630ea3162b.jpg"
,,"616","257","114b6469654ba98b370aa63b5a0706a7.jpg"
,,"617","262","be5deab34186b768dc0ef84380da8a3b.jpg"
,,"618","260","ed5c89ba51a85b3cd23739f3adc344d4.jpg"
,,"619","250","dd3f80f5cbecc153cefcff979d499708.jpg"
,,"620","258","488c12d377567ba82c58eae60470569f.jpg"
,,"621","244","7390f107dd8139362a011a7714aeb43e.jpg"
,,"622","69","c70731fa165e45f3d79230ff51bdd5d1.jpg"
,,"1762","70","a5955921028cde9b825357242d632119.jpg"
,,"624","51","c747ae18eb65672e4c56bf0792564f2a.jpg"
,,"1613","497","8360426aa7924a79e5731bd3179f3e49.jpg"
,,"626","496","44b51685c86b080580bbe99f3ee4e0db.jpg"
,,"808","498","84d656d2e75471c30ee8f4724bbc7de9.jpg"
,,"628","499","bb6e6895df63b80bf5c1f9be44eb78c8.jpg"
,,"1274","73","f897972be878401b914bcd2b943b1ff1.jpg"
,,"630","450","27bd5958944ef08a97829cfa080e1449.jpg"
,,"1463","317","d55238becdadadf27c3ddeb12139f8f2.jpg"
,,"632","515","a0622aece9e0d27a8bc3bf570dd15726.jpg"
,,"633","95","a6e0873ee164d8289792c3a37622570d.jpg"
,,"1619","501","57b635c76658c753e7ae22163864a929.jpg"
,,"1621","500","c82e25afc60b2930a141a919b52c0626.jpg"
,,"1404","1353","13b9d16734f8220502003bff1ba870b6.jpg"
,,"637","25","9b4b0746e9506a5195c1d17509e0734f.jpg"
,,"638","34","de9c84aea5d5476f0ef4ad734a3b174a.jpg"
,,"1451","2","0650581c5c550ca95c1e0d38f4865631.jpg"
,,"640","558","d26bd25c785d029f82fee8d86d09a07a.jpg"
,,"641","560","d60ad9033bfd3497ac5ebd0dd78788c6.jpg"
,,"642","561","dfd44508a56bfd3e67e0352642e896cb.jpg"
,,"1218","573","fc0c126239700736a23285912d529ac4.jpg"
,,"644","572","9b4b0746e9506a5195c1d17509e0734f.jpg"
,,"645","569","7d073de67d44257927eb93aa61028390.jpg"
,,"646","574","c3bc90eda3ac3cab693788bc43f4daef.jpg"
,,"647","567","116549ffa7957948b9c5f8e9607b120d.jpg"
,,"648","554","9f2dc7f7c9a8f97d8a902265c31b15a2.jpg"
,,"649","563","243aeaec1cdeb0bf55e8b43d63edd33e.jpg"
,,"650","568","388f18ee1374321e6bdddd563ebf62b5.jpg"
,,"651","566","c69ae17cd3eb5c2afdb5e21a1655efda.jpg"
,,"652","564","7c1782014cb56055469e65efe1da2025.jpg"
,,"653","559","af58496c6f2dd2212d6806b9036ca2dd.jpg"
,,"654","556","80139ef87673e4390258cd8c06cf9c14.jpg"
,,"655","557","84f648b8a87c3e9151a3c9a29469a2da.jpg"
,,"656","553","0f4dcbc6d64c0cae20f249d8f5fe6ab5.jpg"
,,"657","570","630a4d211db6f883c647f56f6c4e5804.jpg"
,,"658","592","3803d6574a6fa713ac57eaa821131e00.jpg"
,,"659","634","de042a5f52689d682f45672d427c8676.jpg"
,,"660","621","d1c81f91b6e1e81db30bc472e7dc647f.jpg"
,,"661","586","4bb232b447d8217e8dc9030a570f6745.jpg"
,,"662","617","f270edb048a126841dbd0ab5d6d92173.jpg"
,,"663","595","b96e345c897c903f96dc71c5879c76db.jpg"
,,"664","582","55678323d06abad6b716569c30f80b58.jpg"
,,"665","588","f0639065e8642549eedb709dcbdba2b2.jpg"
,,"666","577","0b868d86523f46c9b465eac1f2452d67.jpg"
,,"667","591","0f393232658f8d425409db045bc1252d.jpg"
,,"668","584","d15c5747ffac66255709f48dcf625752.jpg"
,,"669","604","a958865e0da96e8dcacc816c3bfa4526.jpg"
,,"670","632","d15c5747ffac66255709f48dcf625752.jpg"
,,"671","603","52976aa3e3ab48d740b264f32cd8c301.jpg"
,,"672","590","d15c5747ffac66255709f48dcf625752.jpg"
,,"673","614","45a421b8c10105244d4bc007353c81c3.jpg"
,,"674","585","d1e670a6b4fb88b546bb01ea5351636d.jpg"
,,"675","636","011bdeeecbe5b23debc0250b326d7467.jpg"
,,"676","600","d011116e3a6ed6da4e18729f560605f1.jpg"
,,"677","629","ccd7e2f29f738684e685541940d3f944.jpg"
,,"678","699","a52583028eb6bb26b3f1b64409960dda.jpg"
,,"679","713","c31aa89880b5a86e9b760844993c874f.jpg"
,,"680","713","7fa571376e558dbdb9838bfcda89153d.jpg"
,,"681","683","ef5b9ff7989d6bd868efd509c7cac689.jpg"
,,"1524","759","23aa8dd2285100078710c1176bedba4c.jpg"
,,"683","651","bf32a419b860e90e1484fc2ff06dc9d3.jpg"
,,"684","772","43334833b5987b8ec1c2d07cd1aaeaca.jpg"
,,"685","772","97247092309182b7bbfd7f8690656797.jpg"
,,"686","94","28e5ab4bdc3ef2d4d1c3c9969bdc03a5.jpg"
,,"691","761","edf3444b0a38c91429472e0fcfa00c03.jpg"
,,"689","746","9769a4dc2255ee283dc474f391df0f2f.jpg"
,,"692","760","6f2cd760747d8229503420ec7be65106.jpg"
,,"693","766","2424c56367edfbf092a0ee69e4d78739.jpg"
,,"694","766","00f959dd5fca59b6f46fb9839bde5ee6.jpg"
,,"695","722","2509db307611bb10dedab334ed78da35.jpg"
,,"696","769","9a56a30b56cbf3c28fa09027381ed774.jpg"
,,"697","712","daee6e11e67b0bdc54f536821576507f.png"
,,"1379","714","9be40af3225ef85f6af4556ea2665063.jpg"
,,"699","697","501bbe294f8f02e98e8561f9ba05317a.jpg"
,,"1403","773","3b154aac0c8e1206a95c5cf30af3ba33.jpg"
,,"1402","711","e895985c35ed49c09ebd7377a42212ef.jpg"
,,"702","771","958c816a917f8e291a2da50dba861e81.jpg"
,,"703","682","c9c79e7fc2ae87de46ebd48797db355c.jpg"
,,"704","686","11a94e1fb80e8a782e07af306bbd9b95.jpg"
,,"1401","1100","e821bbfe1161df119afddcad6df12a5bjpeg"
,,"1400","1171","a030469b3d58d16cad145d2624ce5284.jpg"
,,"707","678","1cc3ed9dd7cbf3df93c548578ec70430.jpg"
,,"708","638","4e7967a5d8abf0c9be85dec2de9d9cd8.jpg"
,,"709","589","47bf6d052a0ccf49705d694f50c79a14.jpg"
,,"710","708","a42d0664886709d03cf0bbee213ff4cd.jpg"
,,"1525","765","1ecd4c3496841c7c071ba4d10bb8d963.jpg"
,,"712","764","ae637e2a0f23fee483602f84a17ddde6.jpg"
,,"713","757","89629c791bc617d9676d193c564ba2f7.jpg"
,,"714","690","a935ee987ace8405375d6293640e157f.jpg"
,,"715","640","7f5dc0c3fc3db5bdc27eec05052a8fff.jpg"
,,"716","716","72e17359f135da4273cdacf7ea117f3c.jpg"
,,"717","602","423814f6c51b4be5dc2332778bb1b632.jpg"
,,"718","587","c8ecd90eb35fd8a8d16a068b2169c74e.jpg"
,,"719","627","b3f5e8f7ff1d568b2d60a44a3563cda9.jpg"
,,"720","752","bd09427fe78a9bedc9eee4cb4a388d53.jpg"
,,"721","751","38ac5466a464a5093e3ddf7e9ddfee7d.jpg"
,,"722","607","8c8b5be2dc5463ee5311e08aa66ebfe8.jpg"
,,"723","748","e95420e5859454be6151d5b9260ebcd2.jpg"
,,"724","623","6ea91015290ea9b463763d0aaed7a7be.jpg"
,,"725","749","91f1aafbb8cb6cad798ec6bbdd557581.jpg"
,,"726","622","0ac4020d6692b9f608723878d559be5e.jpg"
,,"727","750","4b66d4995f7370c3e675a631c20bd555.jpg"
,,"728","620","159adf320a59edefda1bb063afe3defe.jpg"
,,"729","294","a61afc4ca781b67c683c7a15e3de5b65.jpg"
,,"730","762","b54aa15df4081182a994a4262277e913.jpg"
,,"731","763","a4444d9157640f338d277f2baf5c5a15.jpg"
,,"732","767","ae096091e3c63767cae5e757c12084ff.jpg"
,,"733","758","44c7e73a97ac2042ba345de7b59b3629.jpg"
,,"734","695","fb298b91f7725d0b0c94e833ba8e1c81.jpg"
,,"735","695","e04c0d4aead1b43545d3c67c6647ae9b.jpg"
,,"736","314","1e41bc149b60ab07ab95a2bf90918f46.jpg"
,,"737","691","49c0f29d8e8139dd75c9439485fc229c.jpg"
,,"738","677","30414d81af49f78f536325b67b9e7cbd.jpg"
,,"1455","685","fee015ecc66d89fa56f62805a45df0b8.jpg"
,,"740","726","e4928f44dab02a1b973ac2291950cc20.jpg"
,,"741","742","c33b4dacb3463b538da50470db0554d1.jpg"
,,"742","742","4438edb90bff366718ac8ad972f72fcc.jpg"
,,"1074","1234","9722cc3d9e4cd8740db984dd66218edb.jpg"
,,"1066","741","02ad161f8f22e5c24f049a6d53a8f46f.jpg"
,,"745","744","d433d1e6b987fa7192811ff98d9069b8.JPG"
,,"746","744","cdc413637443974fac110abbb013b296.jpg"
,,"1266","740","fe06b3e3c11f91e85808cb32d5d032b7.jpg"
,,"1068","1209","6097bc41edbe544d22403d438ced48bd.jpg"
,,"1073","754","8487a456977ea4acdc68c979430295f6.PNG"
,,"750","706","2fef498ea39f20adf92049f52788cde2.jpg"
,,"751","665","bed3544f4fc380de20ca9ec62fcb3b8d.jpg"
,,"752","657","89332710fbfee2c6a10525837ad6503e.jpg"
,,"753","658","b2dd1d4f2853a58e508bc4ef8dd97a97.jpg"
,,"754","598","816f70b8617c93d9820557974924ee16.jpg"
,,"755","656","225a64d75b7a639b1ef8ec1e498b4b77.jpg"
,,"756","666","976e50a780a5cdfc8e2734d34852ed9d.jpg"
,,"757","659","134f82251a8382ae92a4fe4b224f0441.jpg"
,,"758","688","ea72812f5c574130e34566c18df89899.jpg"
,,"1486","688","51550e5c2ec510f518251408334c2107.jpg"
,,"760","720","7bb8dff9a89695f5e4b26bd5f7105b6d.jpg"
,,"761","720","a29cb0d9178cd95db1a1385979f909a9.jpg"
,,"762","644","76f3b473b254469400ddaa4a949601e1.jpg"
,,"763","700","ae6b7c89fdf4af755b4c0d69335dcfde.jpg"
,,"764","347","061b61e57a121bb34653fa7a0e05526b.jpg"
,,"765","366","5a940465d2abf5bf976fe61fc33dbebc.jpg"
,,"766","366","8a8a425ccc0fbe2b12f8bd8303d206e0.jpg"
,,"768","376","e02befeda8779f29904ad169e7c6bfda.jpg"
,,"1519","735","423d93b97be40971ea075fade0f8294b.jpg"
,,"770","662","48b616cb9dafb96ee0ea68e5c3d2cc3e.jpg"
,,"771","753","55528a7cf90dbc1b577811116263a144.jpg"
,,"772","411","17a053fae858cb5d999876a58b006d0a.jpg"
,,"1533","1381","acf66244bef7b03897e281b992536c1e.png"
,,"1534","1455","959020e88fb09c8b6cd15f163e971ee9.jpg"
,,"776","778","cd50007c76234ec2590203ad4589f875.jpg"
,,"778","705","c14448506e00a47fa7a105b567680065.jpg"
,,"779","727","3b85296873b30803bded1af83bab91c0.jpg"
,,"804","728","43b0c15b0ed99593a4a738df59ae19fc.jpg"
,,"1557","680","3bd02996d12631a6e86588257874d2f9.jpg"
,,"1559","681","2ac97ea7d1b9d79e04f9057d46e903d3.jpg"
,,"785","684","ba5b897177805f3b9c8e7ec48e10ca99.JPG"
,,"1554","768","6ce5d1feaa1ce8b7cf477ea415a89474.jpg"
,,"1564","707","1068eed865b18360717b223dfacbaf48.jpg"
,,"788","707","d8ed791a07dc02ffc48c6abe413c0843.jpg"
,,"789","670","0a04d87d185723ef48525688ccfd0963.jpg"
,,"790","655","df579a9675a224013b6161131c883740.jpg"
,,"791","661","1cbb64351069ec1159996f3e45a33434.jpg"
,,"792","663","e4723a53ddc654a679cf859a1df0144b.jpg"
,,"793","745","f11d41a2a79777de3d0ffadb8f2303ac.jpg"
,,"1651","517","69bd258774856a327280f6b31f1e42ddjpeg"
,,"1444","717","08eb2bd8f03ddccda33a90a1ca3c4e38.jpg"
,,"796","619","97fca6233064aa657ef9998fbffd97aa.jpg"
,,"797","667","a1096d70a29c3301a2c1393b4b3e0ffd.png"
,,"798","737","9d7c54b1dc231120eb1f68648c55651f.jpg"
,,"1441","311","149c5ffe9fe22138b2ceb59e7cb568d0.jpg"
,,"1289","756","27348998c44d57a71ffdb96886d7ec27.jpg"
,,"809","1043","88a41dba72b2ea5d8fc1947b83316193.jpg"
,,"1288","963","bebe2e0d78a63e38644b2d71747f52c0.jpg"
,,"1303","783","2b11a807674c1642e066e4fbd3a7f462.jpg"
,,"812","785","a3fbb1fcd14a8ff416156e3c9461d9f8.jpg"
,,"813","785","86d7d0e456f08fd1d0c4928a3c17077d.jpg"
,,"814","786","d46a3789b274883074214fb743d90254.jpg"
,,"815","977","58b9872dc9a08ef31a2312c7ec7b7f84.jpg"
,,"816","965","ed7219da594fab09392e790fb503b9d9.jpg"
,,"817","791","bcbf23157e83f5098a1b2ddb2a25f0c2.jpg"
,,"819","1135","f8b550823d00a2157653b9835de2f3ac.jpg"
,,"820","1126","6bf4d86ebc93712311f3afce27884055.jpg"
,,"822","1041","7465366612c0a5139f32dde4d32bb04d.jpg"
,,"823","978","4158318d80ef39a9c4a33af03f59eaf1.jpg"
,,"824","715","8616b82e92b98e2cdd3a7d50d6b48ba0.jpg"
,,"825","715","1e73b91ad986fafa1d16965a2dbf6038.jpg"
,,"826","715","d2c13ec5385a48ce62732c778a5929dd.jpg"
,,"827","1140","e72d840016fecd6464054219c2699baa.jpg"
,,"828","1140","22f0f1859eaa906a3157ddc9511597ad.jpg"
,,"829","1158","bc5330a05d0bcb77f4d67a10ec1f8596.jpg"
,,"830","1158","4087538859ae822422e40946613df1d5.jpg"
,,"831","1159","adeb9cc9b0ae6cad5916be45b2694af7.jpg"
,,"832","1159","f1265bfbfa6bfde7bd7b2f46be38f562.jpg"
,,"833","1164","fa180f4a090d1a2983b9ffac5a8312a7.jpg"
,,"834","1164","1843b0dd2bb0c18ffde62a025ad28250.jpg"
,,"835","1164","6323826027444f50cb164ddf2b0fd21b.jpg"
,,"1349","1148","354eed8210b5ff13c4af1b1f949c5037.jpg"
,,"837","1131","b65280907f8cec19be0ec64f4b3a1a9b.jpg"
,,"1375","689","cfbb5c660e75bda24be46567512a8f0c.jpg"
,,"1376","970","5f31e99e1b938a5f8a35a86ecec1a070.jpg"
,,"842","971","12533cc4a7d52c8a7edeba6cb21f901f.jpg"
,,"843","718","e6d1a456050621a9ce5031193fe61b40.jpg"
,,"844","972","96d2867971718a2aacfa12a0f8cea800.jpg"
,,"1378","974","65f16c86dc73167f620b47fed545d267.jpg"
,,"1389","975","0be46d27887b93fb616bb371b921f5b9.jpg"
,,"847","794","a82c2a87685f00de7fe7d3d16ba44869.jpg"
,,"1371","1047","1981f8d827b910c09cd317b5cbc19762.jpg"
,,"1372","795","7eb1a5769cee5537c29d12973237a800.jpg"
,,"850","216","c799a46728471d35a6dc8710c2f474cc.jpg"
,,"851","217","e6e34898558fb06407f88c993d3ee9f9.jpg"
,,"852","218","e3e65b3f984149cd0293657c27dd4a95.jpg"
,,"853","219","48605c8816578df8f42d2616e6caa8e6.jpg"
,,"854","672","1cb589c579ac8fe4c6ee6e23eccf07b6.jpg"
,,"1069","214","e79aad31064547a1f6e2ab92bc4b3c71.jpg"
,,"1076","1172","470828b02e47861cb08a77fdc423c3d6.jpg"
,,"857","1048","1e8f165a4a8a3df7de9e156242a6201f.jpg"
,,"858","796","98d6c8205f82556817c61f163c2f53c9.jpg"
,,"859","796","fd3bdec645181b79b0d5fd77b3dbd360.jpg"
,,"860","1103","3a9ed688eb44b10d3a55d47dc2fe67af.jpg"
,,"861","1127","3f9c8293ab7ed93f7c9bca471b77cfcc.jpg"
,,"862","1182","bde368b8cfd59b0339adb03ebbf7a3fb.jpg"
,,"863","1181","b764ba000c85993349437886b7ba7b51.jpg"
,,"1368","1187","9fac957b5e1b0501599d6978bf96dd5a.jpg"
,,"865","994","cc8e5526da57a19761ec8a2a6c1833dd.jpg"
,,"866","1179","e0d7628049a77b08b3ed3b2c2464306b.jpg"
,,"906","1037","dafbe9a85d07eae7c9f75688d1152a33.jpg"
,,"868","980","b5695bffb5f6dd3c76135cb9c2f9ea7f.jpg"
,,"869","985","3c9b3baee25fc241c808e705bca38f04.jpg"
,,"870","1195","996763059d65290530a86abe79fcea97.jpg"
,,"1324","675","7697557b55edfe922f37dfb5896adb7d.jpg"
,,"1493","1143","9b3c9f614f1fc191619acc805391330d.jpg"
,,"873","792","b55e80e52ce1dec729aac47884d5d8fb.jpg"
,,"1346","1198","d0bec47e1bad87e0fb2f0b88c9423207.jpg"
,,"875","1120","048101271a9bdd2812b0ac99ec90580f.jpg"
,,"877","1053","c812fb8306a1c7ff83df8f72add69cfc.jpg"
,,"879","1005","fc065568ea3464665cd6ad9eca0814ad.jpg"
,,"880","1006","0b7605bcd71302578facfc029b87f0dd.jpg"
,,"881","1007","7a2f9d4099e71d874d730397a7fdee01.jpg"
,,"882","1015","de0e90a5eae6e6d6d2aa5b3bf2780407.jpg"
,,"883","1016","e20d3121922ccbc504bae91f589fba71.jpg"
,,"884","1139","6c78c0ca60423ac1a2f37c87ffe632ef.jpg"
,,"885","1039","2d3cd01839a7ec34717f1d29c8d83679.jpg"
,,"886","1160","9b74ddc9c5a7212364bbe6ca882f1850.jpg"
,,"887","1052","68a2fa6097bb3ed66ddabc13bbd04c6d.jpg"
,,"888","1221","062c721ae5801172af4c560875a0aa07.jpg"
,,"889","1227","2243f0d5dc94ebfb1f4bb7f5ced3df46.jpg"
,,"1418","799","1a1fb0e5a961609be67dc5396f328969.jpg"
,,"1416","1026","12dd0c5b51ce929bff08a4c18028a1d2.jpg"
,,"892","799","a0ddd060029f2847639f28319c156fe5.jpg"
,,"893","736","6ba5defa63cd349dc7b97902c1067fcc.jpg"
,,"894","1176","bc19bf54ffa4029bfa7bb71e885ef959.jpg"
,,"895","1180","f4c81ce258f3673771bf2b19c0d28496.jpg"
,,"896","747","353306d18a3232056231c11c2a4ae659.jpg"
,,"900","1192","f66c79947e6b78821f2d0fbb00588e7c.jpg"
,,"1732","1192","afe54c42f68e040eb2ff2b76f4cb2347.jpg"
,,"902","1186","fff2e2b4c4f4f0904a76ec1cede14577.jpg"
,,"1085","1166","5c1cdd7e8f7326bd3928379e45b85dcf.jpg"
,,"904","626","e719bf4fb2ca917f7ec0e2e68d3e5845.jpg"
,,"905","616","a4aaa7fc0ae63bef8aafc7b6be351313.jpg"
,,"907","1037","64f7569257447d73345442e23119bb8b.jpg"
,,"1677","1310","182c7e48546a79669723b475fcb7feef.jpg"
,,"1321","1256","ce53402ca80aec5314180bec23240adf.jpg"
,,"914","1242","88490569b622717e3f3c4555705a356b.jpg"
,,"915","1241","f56bdabf216f21059e8df76fa7a7a64e.jpg"
,,"916","787","0429e8243bbfc4fcd0a9aa2a11b7d75b.jpg"
,,"1746","1454","74ac292a16329afcdbbfe6ac1d6fc6de.jpg"
,,"918","1010","25619c9b53a15a8b3a77fdfba6df3ae2.jpg"
,,"1744","1280","a9cd828914ea0527b5c08ef758234dd5.jpg"
,,"920","1038","2d4b013789688c8119dc177e967c4a6c.jpg"
,,"922","1188","0b1894e5e631972e915d68df4b4ec379.jpg"
,,"1075","1183","2f127e214e7f8efacd41b3f45bd89bf5.jpg"
,,"1285","1031","b28231271cedc9e5295d65ee63ec5141.jpg"
,,"1286","1235","75c6d558e7a43ca59f7a99a13893fcb0.jpg"
,,"1268","1306","84adb3073f93fc66c966af76f8c91bf9jpeg"
,,"1079","1228","d3204948456ae4aae19cf3643b38fc9c.jpg"
,,"1364","1229","2e2be0738ff24031f02de2cac176c708.jpg"
,,"1363","1035","dffc06ec2e634b0f322cecd4289d71f1.jpg"
,,"930","1249","7126b4b0cc144cb8fc2852ab0c4e008f.jpg"
,,"1081","811","54c9a2e622aa7a61d8d5311ba373d750.jpg"
,,"1080","989","a9cd6e373dc9517bfee189d13a04ad9e.jpg"
,,"933","213","9925313f7edbcab451786983b768e099.jpg"
,,"1165","1263","8ba5ab1c53919eedd8cd5ec9f153b42c.jpg"
,,"935","729","75b36b82b626efd2e6a78d4e6f498206.jpg"
,,"1276","1311","dbba1b7b41ca7022f78fa8d0e772cee5.jpg"
,,"1084","1024","ae3cd2818b9a9dfd7edfd756358a4025.jpg"
,,"1652","1452","94299f7bbcc300320a8455dd9ee54ce0.jpg"
,,"939","1271","f6bc3ed6b4e8e898126987ad6099ad53.jpg"
,,"1272","1273","3b603e710fc0334f957a3020c49490ee.jpg"
,,"1671","1334","b7393be2e268cd916cd6a26047d5ef46.jpg"
,,"1743","1275","bd77f5c0dd20bbc76e8afe3de61589cf.jpg"
,,"1471","1267","d885aa882bd651feacac575703b52a8b.jpg"
,,"1270","1272","b5397f1eb59c48d35001ac4fc992d127jpeg"
,,"945","1276","faa69f6480cef90020a428994d77d36e.jpg"
,,"1267","1299","44b3a74b0925a84abf5266eb6279e4d2.jpg"
,,"1394","1293","9188e45f6f120ad2bc036151fa54a134.jpg"
,,"1301","784","95b374563aaa386a26286b49f64f74b4.jpg"
,,"1304","790","fb5adcb214d1438651badba7eaeb715fjpeg"
,,"1426","298","1c514a980334d8729316d4966f106567.jpg"
,,"1295","1023","66fb775ad3dfe575808b6d402e037e6bjpeg"
,,"1291","1292","d78f70fcca6bfe1df198dd4607e55226.jpg"
,,"1425","1030","f6c6e509316ba8958767f3b0eb8c179e.jpg"
,,"956","1128","9417b08da47477f1f830718ba71de9b7.jpg"
,,"1447","1060","6da97d50e63438386f9ea99c186347a1.jpg"
,,"958","809","e2e154cc4877498ade3b0c5c14a86fb4.jpg"
,,"959","810","077f89b17546b155e9e651a1f88b99a0.jpg"
,,"1448","1250","18e7b6c4123a127532aa109715b283ef.jpg"
,,"961","1119","1af89e8747670d66a0fed655b4ff03b0.jpg"
,,"1715","1032","a06481445eee530998daa2f6590c137f.jpg"
,,"963","710","43c5cc81abc2a2cdc92a6bb8c1008224.jpg"
,,"964","1155","17739a1a88d4d36bacfca7ab8b1cfcab.jpg"
,,"965","1155","05325ab55ab4d054fda347a214ba8eb3.jpg"
,,"966","1243","51c525d0f72ba9f515706a1ea68ab96b.jpg"
,,"967","1021","399ee099ead7d7e79fef661bc0221ad9.jpg"
,,"1466","1233","64549da7a8bce4cbef648780bd703f6b.jpg"
,,"969","734","b7ace49da73d4520dda38b212a97b82a.jpg"
,,"1298","781","23fe97407f3acfb8dea30685107cd1f2.jpg"
,,"1469","990","ba7dde9f2453f1ceab63aca943af2b99.jpg"
,,"972","687","6b9172d35268a946aea54ae177a43317.jpg"
,,"973","984","6653aa8b0937ec3967e505dd5a54df1b.jpg"
,,"974","1104","be289d96eee0c5c723ec7d99ab4192b6.jpg"
,,"1265","1413","e30d96ec47bd379cf7be92333140e5f9.png"
,,"976","815","2493fceacdaf73fe4167fc38f2383956.jpg"
,,"977","815","f3215b93f2fc9d7aa2c3fca4cbf28ca5.jpg"
,,"1481","817","b9bbc227241b53c1fd3a4ad16a802378.jpg"
,,"979","818","afd74a6192a5507b34e60714a69f0f54.jpg"
,,"980","1165","ff3e70537513fea3df08787ca123fdf0.jpg"
,,"981","701","71c5971584e71534d6e39544cf545167.jpg"
,,"1487","744","d8b3d0e214d56fa50b5fa76a2ddc9e52.jpg"
,,"1460","1279","f4b7f1f35f3ef0a6b79264b73fbf2048.png"
,,"984","841","d047425b241a33c462bb3f2cfae7b1dd.jpg"
,,"985","843","fba23366c18833839af6e022d728c72e.jpg"
,,"986","834","28948649f20f52c6b248eb8b3c469c4b.jpg"
,,"1278","969","433b8cf694dfc823cca8047425c3cef6.jpg"
,,"1506","1190","9a846a69adc8edd1315f87037c23a15a.jpg"
,,"989","1036","80dde56304e090235877d4dcb32cca1d.jpg"
,,"990","702","f9d8b72faa4c5b019ee06c15d9042d54.jpg"
,,"1509","838","a51e39a6ebd0727312229a3467feec0a.jpg"
,,"1742","1157","a5b3220bfc5518def23a6100a6c95edb.jpg"
,,"1158","1258","7e7804ae45003a3e541e185996d6e39d.jpg"
,,"994","1210","000610b349b6de8251c5276fa85a8c1e.jpg"
,,"1061","1208","9e687a96f3162d3a5efae5e6848285ed.jpg"
,,"996","1211","5aa08784442a07d432f43963408f289a.jpg"
,,"1299","782","d76862224bdbd79277affd86cba85818.jpg"
,,"1300","1368","ab7696d607dbaf6a94b8be20b1b69dee.jpg"
,,"1002","1085","cf648baa4f5fc17ad2fbfe7b51ecd945.jpg"
,,"1001","1083","54c79025d94b4df214cb86cf39026eaf.jpg"
,,"1003","1084","9b56d95d447bd257338ff113e2374f8e.jpg"
,,"1004","1152","8d4cb280bd0ad9b38c5dc6091fb13772.jpg"
,,"1005","1151","679cd9671884213559d008ed2a7292a4.jpg"
,,"1526","1080","545261327d61822fe689e7ec8904538d.jpg"
,,"1008","1079","6a2c4347381fb84a3e5343e1bdf70baf.jpg"
,,"1009","1150","334c07555b6541c982b8f736477e481b.jpg"
,,"1607","1369","43139709b886a1c20d14752fc91d7d9b.jpg"
,,"1013","861","934234d699d7482aeb8f9dd6f06c68aa.jpg"
,,"1014","964","ef0ed39127188c483077b4e90c228531.jpg"
,,"1015","865","6f2f5d507df72865d6f9ab19a35e579e.jpg"
,,"1161","1260","bcf0f54fa686321bf1ed9d1796b3826f.jpg"
,,"1269","872","63b7049e5c0273eaaaba66d9385608c5.jpg"
,,"1018","873","b9120762f3428a52d57aeebe26405773.jpg"
,,"1019","874","edc9470c66e3a64420a19898f31100bb.jpg"
,,"1020","1102","5aec31f2dd0e0d6ed08a1abd6d74a5c8.jpg"
,,"1154","1254","c75ca53275ff327242eedc39348f46a9.jpg"
,,"1152","1253","82fb031b2341556906d4ac3361978bd1.jpg"
,,"1023","1091","e38db454f58f8d382b4ce6ea7ded2a2a.jpg"
,,"1024","876","25f916af0139c47f822e741e33b84882.jpg"
,,"1025","1117","f8711a79fe8e604307c89fbe792c8fb0.jpg"
,,"1155","1255","88491e9898b2562955abd84c7d37aa1e.PNG"
,,"1027","1252","c4903823ab9a7ee6985d6e148ce5072e.jpg"
,,"1028","1040","5aeb154dc699d7568530a9aaeaabf190.jpg"
,,"1029","883","12488c34f3aa503a99c85b1e1f6ccce7.jpg"
,,"1030","889","7927e8df2d768e54f311ae09da8211c8.jpg"
,,"1031","1028","a8ea4c378a3e18ae4dd973d54255bc93.jpg"
,,"1547","979","b61edfa9aa2ac7e5430dfdfa68422717.jpg"
,,"1033","774","a4055bbc334152a077712bf71f7ecad6.jpg"
,,"1556","981","28404a024a29a0788fa3a5b7e6917959.jpg"
,,"1558","982","2869be6804c954950d4cbfa1ccff8bb7.jpg"
,,"1560","894","44595936e172b0e78f37a2fbc1775810.jpg"
,,"1037","1236","c134b2b1831dbf5f170d2d0f22bc56dd.jpg"
,,"1553","986","852cda20cb8074f65d6eda41205781eb.jpg"
,,"1565","775","4fcc0ede7f2cbd041125c056c14e454e.jpg"
,,"1043","775","ebf54d02f06e80e930dd9043abff67b5.jpg"
,,"1044","1248","093b6db518a59c874c883e310f83aa1f.jpg"
,,"1045","669","823d882f9e4341f62ec4018e1e4d095f.jpg"
,,"1153","738","ee15cf51409d2369a440f22d035fd6f5.PNG"
,,"1047","780","295a11bf38b82a3c8ae1c9680511a6d8.jpg"
,,"1048","1197","35913b81b0bd1619a732a1d18b6a2641.jpg"
,,"1584","1108","9ce09e164e1fc13e292b456cafe55234.jpg"
,,"1571","910","7b78f7ecdde29af49d583a4cf0dcd636.jpg"
,,"1580","921","ce635d79bf438f88cec3491fbc1ab380.jpg"
,,"1052","995","42cc1f5908d39a2d41d6168ce6b0346a.jpg"
,,"1053","770","7c258f907edbe7e1ca8484af60bc39a8.jpg"
,,"1745","1281","daedbc0887157170c8abdffec9986d42.jpg"
,,"1055","1224","21f4e6251850ea2b57169999ed852c3f.jpg"
,,"1056","962","91820ac38b3e0531cdf7a214f6eba416.jpg"
,,"1614","1244","fcac4d05b7449721888ef91e07373331.jpg"
,,"1275","1373","e06f27a260b2535c83f05effcc60343c.jpg"
,,"1059","1218","a719a26a8217addbd9d31ceacecb284d.jpg"
,,"1650","511","d72e1c1724c0bc077443ac63378e964a.jpg"
,,"1064","308","3b8f0a9e565fcaf16f535d2362b95465.jpg"
,,"1083","813","b99da69e80d6ae4f6d6bb5f990b93c7a.jpg"
,,"1086","1225","1432920eded1922982d6fe7e735fb7bd.jpg"
,,"1087","743","a7b3baadb88029cff8caf3f0ec045062.jpg"
,,"1088","1113","6dbef3953c7b1819accf74f3809589d5.jpg"
,,"1089","1165","3211cf3649ebf83a9fa054c06e6473d6.jpg"
,,"1090","821","e6f13fe513c882e776188f9f2f31b4a8.jpg"
,,"1091","821","2c44f31cf1189541e7a30fb08afa1293.jpg"
,,"1092","842","f10536713adfd47291b53f46a3e83ff2.jpg"
,,"1500","1154","cd0cd6c97932e9e18863cc2cb6f67a4a.jpg"
,,"1094","1177","d08baa6fe7300545f7238cf0888f0f4b.jpg"
,,"1095","1178","0b02980e144db74e4cfeeae71db09fa2.jpg"
,,"1096","1129","901bff3ad28eb47546c51079deb958ba.jpg"
,,"1097","961","3487eebfb6328b40baa34ee2d8ac2230.jpg"
,,"1583","1106","8b83bc82be0ac67610d1a1f655e66f6e.jpg"
,,"1582","1106","ba9fd58bbbb74483b6b08c34b57dd8fb.jpg"
,,"1100","1058","1eb7e81f4cc2270fc1421fa64f92bed0.jpg"
,,"1101","938","b4ccefe4481a21e4ba0684789ae96b71.jpg"
,,"1611","1142","75a1365e2bb93bce81f3b80eb232fc55.jpg"
,,"1612","1125","eed7f233358c27f1b1f212a32239a73e.jpg"
,,"1104","1145","a39dada6d5325a5d2dae85ff5c0d91b0.jpg"
,,"1618","1002","469dd9af32da98bd0a776937c3b58c68.jpg"
,,"1106","1001","bdcf942429ef7d35b96b320d6e053d84.jpg"
,,"1107","1144","738bfbb14478ff9be16f64c885505234.jpg"
,,"1620","1003","1d63be7c645bcded9b1d1032a0923cf6.jpg"
,,"1112","1222","7a8bef4b8b00b5255ee04d0c00022eea.jpg"
,,"1111","1222","0975e6213db09c010aac6d8b1723a700.jpg"
,,"1113","1027","b5066121c0c0afeac95af8927eadc27c.jpg"
,,"1114","1223","1cfb5ffaa712800ff7b628596c1f4bd8.jpg"
,,"1116","732","3ecca22951e9a8e044cc0ded2916c7ff.jpg"
,,"1691","949","f9d411920a7b9fa5ebaec83ca728f6b8jpeg"
,,"1118","1156","2256c4b2349a9334eab0df7700fc5802.jpg"
,,"1119","1076","0ad4e65b82c0ccc2f94dfa070d1e4933.jpg"
,,"1120","1076","78af3daa73c182fb4bf16fe53bdb2eee.jpg"
,,"1427","1174","1224eeb0f3388a5db4f3a99e8c05b04b.jpg"
,,"1122","1075","eb2d86be69f0325b74051a01aec9b665.jpg"
,,"1123","1075","66a799ebe235fc02676513ea799748f2.jpg"
,,"1124","1078","7612591e5d99387fa46b983f5bb57fd0.jpg"
,,"1125","1078","1419c4f235c7bc1437284a8c92acdbd6.jpg"
,,"1126","1077","4febe68f3834e368d0c309bb3be74121.jpg"
,,"1127","1077","7e12bc2c43a25f77138e47677ace7eef.jpg"
,,"1680","998","93ef93ef55d2818a8a43621ec2746d35.jpg"
,,"1129","1082","89919ec4273531cdc386c6da47c62025.jpg"
,,"1130","996","c73562c7cedf2cce140c8ff23a9113c1.jpg"
,,"1131","1088","df7a0b3b93bce90b9963047c3ce5ccb6.jpg"
,,"1132","1088","cf317f8f04253e9fcc1ca1176f2fd09a.jpg"
,,"1133","1149","9a734164df6b7939640727e0e35a9cb1.jpg"
,,"1134","1068","3b514baf6ae12e5f7cd9bfeb55cdb9a5.jpg"
,,"1135","1065","0dc392aa5dcdec729fceb13b2c9b18f3.jpg"
,,"1136","1072","44376008652d74161dba835e6757a360.jpg"
,,"1137","1069","dc5da44822733dc6ded085d1cecae254.jpg"
,,"1138","1066","8699ea63242d7e828fa44147f8be2786.jpg"
,,"1139","1073","8ed2e5c7524678ee8ec02da39f6fba61.jpg"
,,"1140","1071","361b2e7a479d40b6f3adab737969f5af.jpg"
,,"1141","1067","84e39af33ecec81d973eef56fb95414f.jpg"
,,"1142","1063","b81c7bb395927fc3be588b2992cd131d.jpg"
,,"1143","1064","360f6dc3d729332399f8e9b76080b36e.jpg"
,,"1145","1090","59ac600b9a89b46d308a625ac7adb29f.jpg"
,,"1146","1081","5570d74412667587d2e442df77bc925f.jpg"
,,"1147","1081","119df55027a6b8a5e1a00087b6cd3151.jpg"
,,"1148","1086","917aa4feb598fb356b0bd17b241f89b3.jpg"
,,"1149","1086","b87a129e31fd3791555a246cc6585046.jpg"
,,"1692","1453","90f3e35719bb27843b5ef24326d55821.jpg"
,,"1151","1118","a48712c5b61c4df7518cb96fd0bbc8b2.jpg"
,,"1279","1257","8dd5f7da5bf6774a945d38369927cdbc.jpg"
,,"1160","1259","5184ad356405535678b95f689829444d.jpg"
,,"1162","1260","08559b1079f02bed3c857989559a5901.jpg"
,,"1399","1261","ad8813bc01c84b2664d76be49bbac150.jpg"
,,"1215","1262","419740d6fb95c90741556022aeb19928.jpg"
,,"1166","1264","8deaf2d6abafb56b1c75b61d15fe4375.png"
,,"1167","1265","92b75f77efebc4ae13902e7a9d2e609e.jpg"
,,"1263","1207","5ce687a5b3c71f1cc8092d7f863c2975.jpg"
,,"1345","1237","82a253ac70c439d3d83c2b9707a03d11.jpg"
,,"1178","1012","2be6cd1f93ca5d2d4f77042cadd0a7b0.jpg"
,,"1175","1170","d96c2ba6f47feff271970e84c3afc319.jpg"
,,"1434","1266","c9205107f3d16a70d96611ccfbab8b72.jpg"
,,"1179","1147","936f168b21b02a4f28e355815c3a1504.png"
,,"1180","988","76e6cdd618bfd7fe548db70873f59093.jpg"
,,"1181","1194","349aedcbf97e282e622141e628335dea.jpg"
,,"1182","1062","011cc68cb491c69f18a7fa26ea287e1c.jpg"
,,"1183","875","1852b561eac4ad798246a432e3f6bf4a.jpg"
,,"1184","877","bdc29004e3b3545f31f295e8dfa11bc3.jpg"
,,"1185","514","04bee2de49626af4261681767588dde2.jpg"
,,"1647","704","1863f362c61a62473f5485078546f864.jpg"
,,"1648","948","57a0aa3378446ea17ecb4c90a9efc736.jpg"
,,"1188","1220","3711b933022d82196291a5dd6d0c1090.jpg"
,,"1189","968","b913ca3e59b3c332c1fc31d18c411eaa.jpg"
,,"1190","1133","f04752483fd20a7b2e39c1741982f0ce.jpg"
,,"1191","954","82c25f57cf2a430367484226d715bb26jpeg"
,,"1192","951","bcebf57b08cd92825f8d2030ed5e9099.jpg"
,,"1193","1033","5a0df5f3b3bb2ea3457ee13de75702a1.jpg"
,,"1194","1099","b1ceba000ce8c3862a39c8d7ee9d11de.jpg"
,,"1195","1205","b00d5af84bb58c4ecc395a57de93b20e.jpg"
,,"1217","1203","b6075917d41a32af2bc2cf8a721b5d89.jpg"
,,"1197","1098","bda9481434eaf58b1604b56d96e1e2af.jpg"
,,"1198","1206","e7b6336638b0f99b6e234c77f9a9df35.jpg"
,,"1199","1034","ca11e6386d50b91fb3777a3bde833a59.jpg"
,,"1200","953","56d72a073b97f5273afccadf5b08a0d1.jpg"
,,"1201","1096","905f0d9c5c4fdd50027f5f84b5ac3c7d.jpg"
,,"1216","959","0e6ee168d5394cd3b66731ceba622aed.jpg"
,,"1203","1202","0456b1f92260082acce236999f2c736d.jpg"
,,"1204","1204","738e51424f8638959d7dcd7ed3f6e179.jpg"
,,"1205","1201","269a7fefecfbf56ac0b9154bde412e9b.jpg"
,,"1207","957","eb8150858c03209120b1d3dbbdc06fb7.jpg"
,,"1208","1141","a2b681e478012e691e157d269d261bedjpeg"
,,"1209","730","eb5996b11c848afd937f01b0c3f4320d.jpg"
,,"1210","1146","20326ed39793131a069417ff0fc05ce2.jpg"
,,"1211","1184","150cccd548cb29e41bc4e9945edc00a9jpeg"
,,"1212","1184","139c5931bf39e7a6dd8aa07fb8e3b691.jpg"
,,"1213","950","7330f91443123d8791f4abb6a001e8a6.jpg"
,,"1219","1328","ab93e22acbcad3f374596ee9be4a714b.jpg"
,,"1220","1366","0b32ace29987bdaba75eae51af4168fa.jpg"
,,"1221","1355","f0f3b94f7a3e62dcc153b98433e56704.jpg"
,,"1222","1322","f134f2e35ff7a2f33a4f09e0cf3354ee.jpg"
,,"1223","1396","582008f45d51d206b03e80fcacb9b4cb.jpg"
,,"1224","1415","162b9316d2f64b0917593f6e16ae7024.png"
,,"1225","1340","22d469e33b6d26d1ae15c320d1e2ae35.jpg"
,,"1226","1325","09345c8029244fdd75c997a7604182e1.jpg"
,,"1227","1414","5392102234ef3106f3c5cd26be7674c4.jpg"
,,"1228","1318","b4d46127ee50581ac0b29075ad7a2cc5.jpg"
,,"1229","1389","2765033a6f4f52f5579c1d1de93ba696.jpg"
,,"1230","1321","26d65d94aea58e3294ded8fc885215d4.jpg"
,,"1231","1343","d9bb17bdc7bf5be8e990c39f7846db06.jpg"
,,"1232","1387","153f0b6688de0e1f511f28221e44bc62.jpg"
,,"1233","1352","b71d716ce98ad224218db50bef2ded55.jpg"
,,"1234","1371","1afc100e83b7b6bfdb061cf92f95f1fe.jpg"
,,"1235","1406","8405d77751bf0ab4e3c067763eeb2c61.jpg"
,,"1369","1388","debc91ef69938f80d10e65279b5aa7eb.jpg"
,,"1237","1412","3b32ffe11b9ea48664715b6f49e3fca1.png"
,,"1238","1304","a029cc31f6f6d1db766c1c713d9d3fca.jpg"
,,"1239","1307","d7d8a10bb9c53aed42cf673eb4f5a390.jpg"
,,"1240","1344","1022c94c44cc82093dab0341300bcc6f.png"
,,"1241","1356","d8838e1367f650f339c69ea56cf90f9a.jpg"
,,"1242","1409","d91c22a4fd7f30f1054adcde7f3309a4.jpg"
,,"1243","1411","f49d2ebd76b6a010df0877d1f3c08a84.jpg"
,,"1244","1402","ae2aebc7009ec77f5f11ac224b68a657.jpg"
,,"1245","1338","c03fd509d73d852d5f84c543d948fe01.jpg"
,,"1246","1277","297d651f1f7a3cc55d7d34752dc11a29.jpg"
,,"1247","1376","609c6304b4c9d98d19608ec6167072e2.jpg"
,,"1248","1270","b3b0c099b425ef8ae74e46e1a505838e.jpg"
,,"1249","1365","9b4c96b21a292ab11598fb477e8450ea.jpg"
,,"1250","1336","985d9c66ee76a9daa42bf3afc2f6eeef.jpg"
,,"1264","1413","7edb74c08f25952e70ac2dbce406f8dc.jpg"
,,"1252","1395","ca2986af5b950fff58ba9d37190aa13c.jpg"
,,"1253","1392","e3e5d6e8987aff6c74fc97f1a59a108c.jpg"
,,"1254","1410","39cbfe744f29052f34b5645c2a012290.jpg"
,,"1255","1358","d0a1b9a3c582a44e12af671494c721fe.jpg"
,,"1305","789","c546302e1fe513a11f66d816f50cadc0jpeg"
,,"1306","698","f9d76dcf209e29324d3990976c4e0f69.jpg"
,,"1307","1362","f69fb16740014565d20b33fda7cc41f8.jpg"
,,"1310","1386","6ea5abc5fd164dc8055cf637b1d212c7.jpg"
,,"1309","1025","db74f67d046f60d1c01f6622e7dd1774.jpg"
,,"1313","1004","6bdd530ec23eb47529709a53ec88951e.jpg"
,,"1314","802","3a5d63e747af53d55fce7700ba7546e0jpeg"
,,"1317","709","65481328f4c67057da596a6f4dc4d5b8jpeg"
,,"1318","1219","27b8e7a856961c4bdda3b6d0bd34010b.jpg"
,,"1329","1196","29daf97e711863989b508150bd007dc5.jpg"
,,"1330","870","cda88f69870358d4c681a23ad92cf637.jpg"
,,"1331","1374","403a05a549591abfb08c33ae25cd0766.jpg"
,,"1332","1350","78f007541cbd8291805523032cc312b6.jpg"
,,"1333","1372","c36ef200c40959b81fa091d02b33344a.jpg"
,,"1334","1226","3fd2d2d5f08f1d82a87c0a18930f5d74.jpg"
,,"1335","1375","abec418c6b66fcb7de18c69f82bffe82.jpg"
,,"1538","1379","b764e98ede2a26f42e56197a97ce9ba0.jpg"
,,"1337","1380","9fdb9901738889fe8a248e8cb3ea4923.jpg"
,,"1338","1382","232543d6008346b63c9e03456cfa4201.jpg"
,,"1545","1191","e92d6dbe91c5c3160ab72e141ecedf7d.jpg"
,,"1340","1383","79c4d8610642e66d55e3799eda91fe42.jpg"
,,"1341","1173","61695b08ef30a0d74f3693ace1edc2ad.jpg"
,,"1342","1269","1b7f8675bb308de7214ce50806fe4dc7.jpg"
,,"1343","922","3df9e1df6f1ae7e56c8d99d2300c770d.jpg"
,,"1344","1295","d9b0cc836ba35575f9fdd31fa64a5f2e.jpg"
,,"1348","152","c14788fe29b4ef20eda9d001826e5001jpeg"
,,"1354","1049","5bbfefa1c99c8f562dcfb09b72da22ab.jpg"
,,"1356","1298","409bb0edef466d26a611a39a78992c8d.jpg"
,,"1357","1246","de804cc0c22cb3a29e1beb495595a59b.jpg"
,,"1358","1357","15874ed8b7d6a2dbe61c109447d8792b.jpg"
,,"1383","976","be32cda624aaf3db0fa628e42e73525e.jpg"
,,"1384","1019","1806531c7b1d6a548365e134e07e9243.jpg"
,,"1385","1121","dba7f31ce3d4098d014e5e325f3aa95b.jpg"
,,"1395","1046","cd308968b83f7b609f8e93921a67722e.jpg"
,,"1398","1231","d7a484b14fb67e493dd2cdf927e09894.jpg"
,,"1405","231","6b8adc461472fa640c2c98aa713201ce.jpg"
,,"1406","1053","79c90aa1241f90f8286362d97c3b9ace.jpg"
,,"1407","1005","f95845b8736eeb329cecc0d74572276a.jpg"
,,"1408","1006","d75568fae19060e1de73fe5122b7cce4.jpg"
,,"1409","1007","267ce9049807862bfb936925a8941943.jpg"
,,"1410","1015","f4c183326807e184e349bc44ec255d3c.jpg"
,,"1411","1139","d502a13e4909d096bb7842d3adfc0d3b.jpg"
,,"1412","1039","eb38141822350944b29d262e252d9dba.jpg"
,,"1413","1160","05a5abc1309115d32c0a8f86d6c5d106.jpg"
,,"1414","1217","4959bba1884486d0662e9e75cb96de4b.jpg"
,,"1428","1296","667230359412daeb6d1a06c36fed7056.jpg"
,,"1430","1346","30d4648514a89ad6a89fc16821714b77.jpg"
,,"1431","696","07bfa0f2d32f7016c4f36264b05af755.jpg"
,,"1432","1315","beddbf0c2f84d42ea27684ccc653b91c.jpg"
,,"1433","733","f69dee1959c409faf67fe6ccaa63adf3jpeg"
,,"1435","1044","2678db43aeaf5532ab051748b0f3b0ee.jpg"
,,"1436","1314","843b514d01196719bace7c17bf629e82.jpg"
,,"1437","803","93c460c4716bfd0e39a1d8bb7c0628ac.jpg"
,,"1438","804","0ba989d36a9bda28a5ec8234afacc93f.jpg"
,,"1439","805","0335275cc59d86ebeb73b210588293f8.jpg"
,,"1440","806","e9328b4b423f4233c8b90e7bd4362014.jpg"
,,"1443","1042","0e45c78d5a94fc29789a2ed40573a637.jpg"
,,"1445","944","40df5aafb7b4695745ffe353c52084b8.jpg"
,,"1446","1337","298cc51ddb72a9c9071af0c671dde3b2.jpg"
,,"1459","819","f9516e207df61eb96db4a7c44ff3044b.jpg"
,,"1464","814","7f94c8b4cf4975122490671fbd39bd0f.jpg"
,,"1465","1305","b4f81dbe7a87b52a314c358dd83452d6.jpg"
,,"1467","1317","e6fca43974acc5644b250b052407d712.jpg"
,,"1470","1320","08385ba765176166a6e2f3d928e2375a.jpg"
,,"1474","1364","5fa386a5b13df5c61c07abdf1603c5df.jpg"
,,"1475","1361","152ba5065ffb8fd80a8782478817600c.jpg"
,,"1476","1341","5b5978d0b91bcd355a0f5a6229a0b78e.jpg"
,,"1477","1137","30e8295af42e63e5b9425d95212005ac.jpg"
,,"1478","660","f3ec098bdb86b7f9a69ae44188c6dc69.png"
,,"1479","1061","69c4ef78e74b5890b2ca7006fe754282.jpg"
,,"1480","664","0703a4c1c4ea9d5c0fd6eb18919ad5cd.jpg"
,,"1482","1185","714fecbf78c5ba3db59b0daf34b1a1be.jpg"
,,"1483","1230","583c2d4cf13c369831d3d996a8839f5c.jpg"
,,"1488","741","492576d59db421d02656569f79d4f357.jpg"
,,"1489","742","6e5d9709afd06150ebc3ee06f4aa8ca6.jpg"
,,"1490","1022","5d8e5716803ae46ea70d9f1f63fcf875.jpg"
,,"1491","1105","c80d5d59ac887635958560ec40b25e8b.jpg"
,,"1495","1009","148dabd09e475675abd979da0b22e587.jpg"
,,"1496","3","c2035a129138155c56d0d54f6ae22f21.jpg"
,,"1511","1132","ea80cfd27aa0d072c9847e3b93e7170e.jpg"
,,"1516","1153","bd9b316f6b5e68348761326fcf4f85ea.jpg"
,,"1517","844","962c4388844b3265170c290781cda376.jpg"
,,"1527","1059","0a133661d55882134c82bdb79172ceda.jpg"
,,"1528","1162","a0a5274c5815a372bb90b144efc85d75.jpg"
,,"1531","407","19be66d9d23af70875068bb32cb82a9e.jpg"
,,"1532","406","0552f48e06cc3619c7ec5ce3f2007ef3.jpg"
,,"1535","1375","7bb5004331a26c99686ad3d33c2b1772.jpg"
,,"1536","1377","4af6dd2f9cc6424787158d04d0ac04ec.jpg"
,,"1537","1378","662efc435542a738809fd3be8d66c600.jpg"
,,"1546","1161","90b34dc45f7febdac787ab00872df19d.jpg"
,,"1548","895","215740042a0c4862a95a33666e771d28.jpg"
,,"1549","1051","c679a1578ba50f72f38912407958b9d2.jpg"
,,"1550","898","7b753af2e1a2c5a83a28d832e30acad9.jpg"
,,"1563","983","022174cce636a091f9b6536d674e1da4.jpg"
,,"1566","899","39d86328b3f26b3df670e88e3ff977ec.jpg"
,,"1567","987","7bd7cf503bb566ebdf9cc447ec07e7bf.jpg"
,,"1586","1333","dfda0c7d76a81f0ce26300746b822365.jpg"
,,"1587","1333","697ae50198fa1873bd315ec2886e5ab1.jpg"
,,"1588","1329","7f9cbb8eeb45ea2a782c93b7c3a33593.jpg"
,,"1589","1329","de99b5daabe881651f7ae6d4794049da.jpg"
,,"1590","1330","7cb9b3750e2e87d11da7c5d1ef6d77d3.jpg"
,,"1591","1330","8ece82bfe133acc0482c9d634808fc89.jpg"
,,"1592","1107","7eeaff86c57bb6e92d7083259007c268.jpg"
,,"1593","1107","0b6e7793726b6a45d7f6bce7bc7bc0be.jpg"
,,"1594","1114","7d1196098806abd3925c9774d341d0e5.jpg"
,,"1595","1114","d83fed72f299564bd10fe1525d8bf78c.jpg"
,,"1596","1109","ab0cbf54184d21b14f56be2038806478.jpg"
,,"1597","1109","e06b37ff5eaada6f59d9759fd9531823.jpg"
,,"1598","1331","c8cbda6817a0ec40ae7ed97e6e605c93.jpg"
,,"1599","1331","da73a13480a84355829574541d6a39cd.jpg"
,,"1600","1045","2e81dd9c2ce986b86900ffa54306eb86.jpg"
,,"1601","1045","bd1568222f6b14db22e96886caf16d74.jpg"
,,"1602","1115","eec2a2dc5869b1bd1faaf5ef107eca1e.jpg"
,,"1603","1115","ea447b06b4a1b2da5c0b4f59bf4cbc5c.jpg"
,,"1604","1116","7ea5ca3dace1c7d71240c9a2c4c54bda.jpg"
,,"1605","1116","f032d627692eecbfd0eac817e71c741c.jpg"
,,"1606","1332","6fdd849400e57aa7a64309f1cfeb5c9f.jpg"
,,"1609","1359","ddd91d89fae91c077747012f022c8cb5.jpg"
,,"1610","919","706222dc1ae3be0fb5514ce7029ea093.jpg"
,,"1615","1050","dd04af9482d7741f5ed15362c76cd68d.jpg"
,,"1616","1000","3439e10183a26534dae4a0d77206a02d.jpg"
,,"1617","1101","f38a785a20dfcba3b6ee8c00af1d3eae.jpg"
,,"1622","835","14742f2bc799eaa01b9a7d8776051479.jpg"
,,"1623","363","d5415ff889b2665a8e2d238429417abf.jpg"
,,"1627","1239","cc063b9592914b888b9d9e730f66936c.jpg"
,,"1628","1232","e3973cc8ec2acd86f806d8a3866f517a.jpg"
,,"1629","955","49021bc36c3db8f8f37f49ab5a422cd0.jpg"
,,"1631","1215","e796573b4ba3233346fa9e41bbae0cd2.jpg"
,,"1632","960","0b0fdd73ad3bbc8353367fa5280bda1b.jpg"
,,"1633","731","3c70cae60cc737f7131ac60fbeecdf3b.jpg"
,,"1634","956","36fa21215ef79efdbea10f29648f818f.jpg"
,,"1635","1247","8e2a3372b17786268971b5a528724f74.jpg"
,,"1636","1213","19eaea338dd9b0ae00259fcb8beb399a.jpg"
,,"1637","1097","0fadcca308d011e8b0217ea1bb449133.jpg"
,,"1638","1092","2271fa6e3df5d5e232a30e6b30622689.jpg"
,,"1639","1093","03913b6317f88046aa95453887fe2379.jpg"
,,"1640","1094","b6c9bfd9e61edc69dd189db385d0522e.jpg"
,,"1641","1214","1456061495d753583031436b70266b4fjpeg"
,,"1642","958","9ae9906b022aeee72d255a60a9ee6d7c.jpg"
,,"1643","1095","31da2db89e1e53ab229b4eb042440b1cjpeg"
,,"1644","952","94d8480325add553a91604ce0033ca35.jpg"
,,"1645","1297","4d50948aa34319fd646aae91fff04569.jpg"
,,"1649","1335","744450a7b2bbe128d49ba0e4581759a6.jpg"
,,"1653","1294","4dd03fbaefea7b363b653783e3b2a4ab.jpg"
,,"1655","1011","40e2fd6f9da40554e3c21fbf767858f9.jpg"
,,"1657","1323","b74fbde036c89201f6bcda5250fefbee.jpg"
,,"1658","1345","a01ee9b25b71bc67c92785186fafaf4b.jpg"
,,"1659","966","85d795ed96b0b530e05b35adbac9e873jpeg"
,,"1660","1245","ab2b04c9ceec9d88c3c39f0a2b34726a.jpg"
,,"1661","1450","b45557abeceeda01ba5a15644468321d.jpg"
,,"1662","1450","bf418580af8c1efbf966d735bb863e23.jpg"
,,"1663","1451","7221b50baba476c7c707116b691c1db4.jpg"
,,"1664","1451","6ff598f34f6c930d29a736368ba43ffb.jpg"
,,"1665","674","c46d55dd1a12cd9ccbcc068c0d3f7c1a.jpg"
,,"1666","673","58c7a7027ea128110f0115356643d39c.jpg"
,,"1667","808","29f948f9abe0c04171889dcec71a5439.jpg"
,,"1668","1055","db0c96421ab1615890b048f2ac515099.jpg"
,,"1669","1193","c8b08ce6e3a156335609756e254ac84fjpeg"
,,"1670","1112","5d30776049f3e9033e3e8c15bac3fe94.jpg"
,,"1672","1283","75fb85277af65b9469564b934e98ba26.jpg"
,,"1673","1080","ae1ad19c52b36ce6e5e6874abeee828d.jpg"
,,"1675","1308","674d2641682fa7f2feaf655b2f59b861.jpg"
,,"1676","1308","284fb79ef9708ab4ee639a34d42177b6.jpg"
,,"1678","1310","ac6f68c3adcf6b60ea8625017b30f9a8.jpg"
,,"1679","1309","1218d0ceb77b049ccd9238417cd932dc.jpg"
,,"1681","996","96832214561fd1c2a29a1fd22c75c6f9.jpg"
,,"1682","1062","f4667f5c0c2f2a3fbba7f4fa358cefa0.jpg"
,,"1683","1070","6f9a63aa647acd03e869c4434379e183.jpg"
,,"1684","1070","9b48fa7b5cee1aaab3f67b1508c96f19.jpg"
,,"1685","1074","c9b1100f6545022de84bae89a5f204a5.jpg"
,,"1686","1074","0eb4bcc137b8bec7682601b18f754ffb.jpg"
,,"1687","1068","a23b401008c066f6963d382e06574a23.jpg"
,,"1688","1065","cd63df286cd6ac393815bd9b530876fb.jpg"
,,"1689","1072","0ca7824157df0dc0dc804d54fc17bd13.jpg"
,,"1690","1089","d14a48a60bcd738bddef5bf3c0bd8d86.jpg"
,,"1693","1440","6d64e7fc315b160ee291dc7afbe6df40.jpg"
,,"1694","1425","262385f10ea57eb75477fdcc447c7ac2.jpg"
,,"1695","1429","5fd36d2959d6da6ad979b3bb8c38c826.jpg"
,,"1696","1419","f4ae5048bd582648f1112dbad4e5979a.jpg"
,,"1697","1446","47411dfcb7dc9db264d716f33e9e0ca1.jpg"
,,"1698","1447","13891064165def14748d543392287d77.jpg"
,,"1699","1432","00558eaf30941891726b29fb043de38a.jpg"
,,"1700","1433","2580f8537a85c55524f183f55914adaa.jpg"
,,"1701","1448","3441505b989033716a7a5a6d0bed2dc8.jpg"
,,"1702","1435","7c14437d61ce08b3ded634e7f2e0d6ed.jpg"
,,"1704","1427","c83a19d7e6ab6efb76375bdbdc78c094.jpg"
,,"1705","1430","7b619bcaa59c1735bd51a86ccfd546ef.jpg"
,,"1706","1424","f939ad1d9fb981d6924ba56bc1e99775.jpg"
,,"1707","1438","eab7da257c87a525b66fd27854874114.jpg"
,,"1708","1445","5fa544d282e36c85d7baa1df833dfe38.jpg"
,,"1709","1428","43a270743bfb660dccf1a75d576e2e19.jpg"
,,"1710","1443","62fbd465f4ba702f7bd4a531566b2efe.jpg"
,,"1711","1444","b17e96ee370c0d5567b359d6fa08ba4bjpeg"
,,"1712","1423","b2691738eed5392cba7c2b72a08d6bba.jpg"
,,"1713","1456","44b27094c20723e8d326229ccc7db766.jpg"
,,"1714","1056","cc28a3fa339f206b37d51bb557b45b8c.jpg"
,,"1716","1351","7c0570dcf02cf5eaba1d6ced09a28cf7.jpg"
,,"1717","1426","0e47f2b8d016fe179e3e47272692de73.jpg"
,,"1718","1431","0631ce1b71c17304eab32b32555133f5.jpg"
,,"1719","1422","217748073eede21d6d93851a047ceccf.jpg"
,,"1720","1439","7f30a00d8071a0e547edf6284f40e03b.jpg"
,,"1721","1434","2b77b2a6d0f750df22dc444afcdafc18.jpg"
,,"1722","1436","32b9207f01693512115595e1b917fff5.jpg"
,,"1723","1437","64945ef8fc65a8a2ba29d85f2445e447.jpg"
,,"1724","1460","7a413b4c7c68386c850dd6398f1ae2b6.jpg"
,,"1725","575","6ffceb3735117915dde94a6648e31cf9.jpg"
,,"1726","1123","a76ad2f23b47f66146eb49765b1c570b.jpg"
,,"1727","1124","0ec8bd3cfd4ccdff88dc532072512f18.jpg"
,,"1728","1462","3c3ec5813152b0181959c4825b7d8754.jpg"
,,"1729","1175","3d6dc89b8c9897913ebae757e00ecb86.jpg"
,,"1730","190","c6c6188a02f801451ceb1f325a39d823.jpg"
,,"1731","206","ed1d92cbc3bd1be98d70ca1e7ad072c9.jpg"
,,"1733","1459","7837c89c0f8ece423fd104d71de27a5d.jpg"
,,"1734","777","58c003115dd1d32e322fb01d8816ce02.jpg"
,,"1735","776","7c4a5e74e1bb9706771e2e7c1bea7d9c.jpg"
,,"1736","1131","7c7614e2d036f51b40628c4d06f7760b.jpg"
,,"1737","1458","6ae5a910e50b1303042e255cce896776.jpg"
,,"1738","1363","f2716b9ed3eede4767d0f3f0586e00a7.jpg"
,,"1739","1465","19de6e086b8712ae4e521e8e0d57002e.jpg"
,,"1740","1466","332df3227b44d08b1ae4193ab3c78821.jpg"
,,"1741","1464","3cff77f8615deca38198cda254032fbdjpeg"
,,"1747","1284","12b954c3d7ff192f8ee9db0be523edff.jpg"
,,"1748","1285","1567664b11b0808e98edcce3e65e056c.jpg"
,,"1750","1457","6897554dea404b11f3a06dd1edc42e5c.jpg"
,,"1751","1474","f3e4f97e4276beeb24e26d74895e3403jpeg"
,,"1752","1472","0fea77561d1236439b802b7d149754b6.jpg"
,,"1753","1471","d58740a3d584e81777f43c14cae88321.jpg"
,,"1754","1274","1764a3674b697f9dd4bf3a2aa020b8d2.jpg"
,,"1756","1475","62bd53c8daa6f56047f6b024d1ca25c7.jpg"
,,"1760","1476","a4979f263dd55f198705ee59d7774272.jpg"
,,"1758","1480","8dbba5a7b6dbe232610a24976ab475f9.jpg"
,,"1759","1087","fc5e3874b3d2aba6c8ff82686dc5c582.jpg"
,,"1761","1490","0e840b77cc0fcafc202c8af769150730.jpg"
,,"1763","787","221a94e80c9289cbb30cee98bd16bf76.jpg"
,,"1764","1491","86388d246a115608238512b0e8fb8fef.jpg"
,,"1765","1492","14804c4378c959140b21dcee64c49fbb.jpg"
,,"1766","1493","4ba1ed9cfe4af446459d555c031fd248.jpg"
,,"1767","1488","0d848ccd073af127f2f261d5be1ec4b0.jpg"
,,"1768","1488","0357070e84ae9fcfedb75f7c181fcc02.jpg"
,,"1769","1489","fbdcc7f02b2ace68c9010747b293a638.jpg"
,,"1770","1489","9e152f5e2a21f8f7af480a56f9dfbd5a.jpg"
,,"1771","999","cf27716e699678c3337b510abacfb7d6.jpg"
,,"1772","1487","096009405c998c18726b8896b78a7895.jpg"
,,"1773","1482","3c087e393c060247991a921b9435e44e.jpg"
,,"1774","1496","c7f938c24b4ecddc2e2a1f334b76396fjpeg"
,,"1775","1512","527977222bc525c79c13de47721f34b5.jpg"
,,"1776","549","0134955d5acf08ac85d4a616ed8430bd.jpg"
,,"1777","1521","6aabd1af778839026f7220d78bc0ee87.jpg"
,,"1778","1506","75c1d3f9c39b273875ce70ae637b5aa9.jpg"
,,"1779","1506","17bcb2c21447648758cf033b9c2110ef.jpg"
